car_avg_travel_time,GEOID
31.3,06037101110
37.99,06037101122
30.12,06037101220
35.05,06037101221
33.69,06037101222
30.26,06037101300
42.29,06037101400
27.6,06037102103
33.09,06037102104
37.42,06037102105
38.42,06037102107
34.9,06037103101
38.68,06037103102
38.57,06037103201
38.33,06037103202
36.37,06037103300
28.1,06037103401
37.65,06037103402
33.59,06037104103
33.56,06037104105
33.26,06037104108
37.7,06037104124
35.44,06037104201
30.87,06037104203
33.17,06037104204
29.52,06037104310
37.6,06037104321
30.9,06037104322
32.08,06037104401
23.36,06037104403
32.03,06037104404
33.08,06037104500
27.35,06037104610
35.97,06037104620
31.72,06037104701
28.66,06037104703
30.44,06037104704
30.87,06037104821
29.87,06037104822
33.8,06037104823
35.3,06037104824
33.9,06037106010
34.08,06037106020
35.1,06037106111
34.58,06037106112
34.07,06037106113
30.33,06037106114
36.44,06037106403
30.32,06037106405
27.57,06037106406
30.71,06037106407
31.83,06037106408
34.51,06037106510
31.28,06037106520
35.03,06037106603
31.36,06037106604
37.07,06037106641
36.21,06037106642
39.39,06037106643
40.89,06037106645
33.42,06037106646
31.55,06037106648
33.82,06037106649
34.05,06037107010
33.66,06037107020
32.97,06037108101
31.18,06037108102
37.16,06037108103
44.29,06037108104
41.07,06037108202
33.15,06037108203
37.47,06037108204
31.57,06037109100
33.63,06037109200
35.43,06037109300
33.28,06037109400
33.43,06037109500
32.26,06037109601
32.41,06037109603
30.56,06037109604
36.34,06037109700
30.15,06037109800
28.11,06037111100
33.16,06037111201
30.87,06037111202
31.17,06037111204
35.49,06037111205
33.8,06037111206
33.18,06037111302
37.1,06037111303
26.15,06037111304
34.6,06037111401
34.6,06037111402
29.65,06037113101
34.88,06037113102
35.85,06037113211
25.38,06037113212
28.56,06037113213
38.57,06037113231
34.63,06037113232
30.73,06037113234
36.75,06037113235
35.59,06037113237
35.48,06037113238
31.27,06037113239
28.79,06037113301
30.86,06037113303
28.9,06037113322
32.11,06037113323
27.14,06037113324
34.96,06037113423
36.38,06037113424
28.77,06037113425
38.96,06037113426
33.76,06037113427
33.05,06037113428
38.71,06037115101
28.07,06037115103
28.6,06037115104
32.45,06037115202
32.5,06037115203
29.93,06037115204
34.87,06037115301
31.34,06037115302
30.52,06037115401
33.66,06037115403
32.85,06037115404
35.86,06037117101
29.07,06037117102
28.83,06037117201
31.45,06037117202
35.27,06037117301
36.93,06037117302
34.46,06037117303
38.51,06037117404
35.53,06037117405
33.65,06037117407
32.19,06037117408
30.96,06037117510
31.92,06037117520
28.29,06037117530
34.27,06037119001
33.0,06037119003
30.55,06037119004
28.21,06037119201
30.47,06037119202
28.4,06037119310
29.58,06037119320
31.25,06037119340
35.76,06037119341
35.68,06037119342
32.26,06037119400
35.49,06037119700
34.38,06037119801
38.12,06037119802
33.95,06037119900
31.79,06037120010
31.95,06037120020
34.73,06037120030
40.35,06037120103
32.11,06037120104
29.7,06037120105
39.72,06037120106
32.93,06037120107
31.72,06037120108
31.48,06037120300
25.48,06037120400
27.36,06037121010
27.95,06037121020
30.3,06037121101
30.72,06037121102
32.86,06037121210
33.9,06037121221
29.78,06037121222
31.21,06037121600
30.59,06037121801
34.19,06037121802
27.65,06037121900
29.44,06037122000
27.47,06037122120
27.59,06037122121
28.98,06037122122
28.92,06037122200
32.5,06037122410
30.34,06037122420
34.14,06037123010
28.76,06037123020
28.47,06037123103
30.33,06037123104
34.03,06037123203
33.82,06037123204
29.85,06037123205
30.57,06037123206
36.13,06037123301
33.24,06037123303
28.02,06037123304
31.6,06037123410
32.21,06037123420
31.56,06037123510
38.15,06037123520
41.78,06037123601
36.23,06037123602
33.68,06037123700
31.36,06037123800
29.83,06037123901
27.37,06037123902
31.17,06037124000
33.4,06037124102
29.96,06037124103
29.94,06037124104
29.21,06037124105
31.03,06037124201
30.74,06037124203
41.88,06037124204
29.95,06037124300
30.75,06037124400
30.78,06037124500
33.29,06037124600
33.82,06037124700
31.72,06037124902
31.94,06037124903
38.85,06037125101
30.31,06037125102
28.37,06037125200
26.9,06037125310
38.61,06037125321
29.39,06037125322
31.95,06037125402
24.78,06037125403
26.82,06037125404
27.6,06037125501
30.96,06037125502
28.28,06037125600
31.59,06037127102
33.19,06037127103
35.14,06037127104
31.18,06037127210
37.49,06037127220
34.74,06037127300
35.26,06037127400
37.28,06037127520
33.47,06037127603
35.56,06037127604
37.12,06037127605
30.05,06037127606
31.1,06037127711
31.48,06037127712
36.48,06037127803
35.32,06037127804
29.42,06037127805
31.2,06037127806
33.54,06037127910
36.87,06037127920
37.39,06037128101
36.01,06037128102
33.39,06037128210
34.39,06037128220
37.65,06037128302
29.28,06037128303
31.78,06037128400
35.39,06037128500
40.81,06037128601
32.96,06037128602
38.04,06037128703
32.01,06037128704
30.11,06037128801
31.96,06037128802
35.09,06037128910
38.85,06037131021
33.52,06037131022
41.33,06037131023
33.59,06037131024
33.48,06037131100
31.96,06037131200
36.66,06037131300
34.49,06037131400
37.43,06037131600
28.59,06037131701
38.58,06037131702
35.43,06037131801
32.68,06037131802
33.88,06037131900
34.92,06037132001
39.76,06037132002
30.27,06037132101
38.03,06037132102
28.22,06037132301
31.75,06037132302
30.76,06037132501
30.61,06037132502
38.2,06037132700
39.51,06037132900
33.54,06037133000
32.31,06037133101
37.32,06037133102
34.53,06037134001
29.79,06037134002
29.01,06037134101
29.82,06037134103
33.31,06037134104
28.41,06037134201
33.0,06037134302
31.74,06037134303
34.62,06037134304
28.63,06037134305
29.43,06037134306
36.04,06037134421
28.46,06037134422
34.72,06037134423
36.4,06037134424
32.3,06037134520
31.12,06037134521
33.36,06037134522
34.9,06037134710
31.23,06037134720
35.7,06037134801
32.88,06037134802
35.55,06037134901
29.64,06037134904
39.43,06037134905
27.46,06037134906
32.62,06037134907
36.08,06037135102
34.74,06037135111
32.94,06037135113
32.52,06037135115
33.43,06037135116
34.38,06037135201
37.4,06037135202
30.7,06037135204
41.75,06037135205
31.19,06037137000
27.7,06037137103
43.4,06037137104
30.3,06037137202
36.3,06037137203
25.12,06037137301
34.74,06037137302
32.54,06037137401
38.6,06037137402
32.73,06037137501
29.2,06037137502
35.54,06037137504
36.53,06037138000
37.08,06037139001
35.3,06037139200
35.73,06037139301
32.03,06037139302
35.52,06037139303
33.26,06037139401
34.84,06037139402
41.09,06037139502
33.17,06037139504
27.96,06037139505
39.25,06037139506
33.86,06037139600
39.02,06037139701
30.89,06037139703
30.26,06037139704
25.7,06037139705
37.02,06037139801
37.64,06037139802
34.81,06037141101
36.14,06037141102
32.18,06037141201
29.0,06037141202
36.96,06037141303
34.5,06037141304
35.02,06037141305
31.4,06037141306
34.33,06037141400
32.73,06037141500
33.17,06037141600
35.59,06037141700
25.41,06037143101
31.73,06037143102
32.46,06037143200
30.5,06037143301
33.86,06037143302
34.26,06037143401
30.29,06037143402
35.3,06037143500
35.6,06037143602
34.91,06037143603
31.86,06037143605
29.05,06037143606
36.19,06037143700
29.82,06037143801
28.51,06037143802
31.73,06037143901
32.04,06037143902
30.82,06037181000
32.1,06037181300
34.0,06037181400
36.1,06037181500
30.39,06037181600
36.98,06037183101
35.24,06037183103
28.49,06037183104
40.44,06037183220
27.83,06037183221
32.86,06037183222
34.84,06037183300
33.56,06037183401
31.94,06037183402
35.18,06037183510
38.34,06037183520
33.84,06037183610
33.02,06037183620
30.99,06037183701
37.42,06037183702
34.96,06037183810
32.74,06037183820
32.75,06037185101
35.23,06037185102
30.43,06037185202
29.17,06037185203
35.03,06037185204
39.27,06037185310
27.5,06037185320
32.7,06037186100
32.92,06037186201
32.21,06037186202
38.62,06037186203
30.75,06037186301
26.95,06037186302
38.0,06037186401
28.94,06037186403
29.68,06037186404
32.1,06037187101
29.53,06037187102
34.33,06037187200
31.45,06037187300
28.8,06037188100
33.56,06037188201
31.16,06037188202
29.73,06037188300
35.66,06037189101
29.69,06037189102
41.22,06037189201
30.54,06037189202
27.37,06037189300
32.46,06037189400
30.45,06037189501
33.32,06037189502
23.59,06037189600
38.47,06037189702
33.34,06037189703
31.55,06037189704
28.67,06037189801
25.76,06037189802
34.01,06037189903
29.55,06037189904
35.62,06037189905
29.9,06037189906
25.19,06037189907
25.88,06037190101
34.77,06037190102
33.57,06037190201
30.81,06037190202
29.72,06037190302
30.04,06037190303
34.39,06037190401
37.55,06037190402
27.89,06037190510
34.92,06037190520
28.16,06037190701
22.21,06037190702
36.16,06037190801
35.4,06037190802
38.66,06037190901
30.94,06037190902
31.37,06037191000
33.08,06037191110
44.16,06037191120
36.45,06037191201
42.82,06037191203
37.91,06037191204
31.82,06037191301
35.23,06037191302
36.62,06037191410
33.74,06037191420
32.19,06037191500
31.83,06037191610
38.54,06037191620
32.7,06037191710
34.8,06037191720
36.92,06037191810
38.3,06037191820
31.57,06037191901
31.07,06037191902
38.19,06037192001
32.79,06037192002
30.42,06037192300
28.07,06037192410
30.49,06037192420
29.8,06037192510
32.56,06037192520
34.06,06037192610
35.36,06037192620
32.4,06037192700
35.22,06037194101
37.04,06037194102
37.25,06037194200
35.52,06037194300
30.81,06037194401
26.6,06037194402
30.54,06037194500
37.08,06037195100
30.55,06037195201
29.49,06037195202
29.47,06037195300
28.58,06037195400
33.19,06037195500
32.06,06037195600
30.99,06037195710
28.18,06037195720
36.38,06037195802
35.06,06037195803
29.65,06037195804
33.78,06037195901
30.75,06037195902
30.4,06037195903
33.47,06037197200
32.17,06037197300
27.41,06037197410
30.63,06037197420
29.89,06037197500
28.04,06037197600
29.35,06037197700
30.36,06037199001
28.11,06037199002
23.74,06037199110
35.58,06037199120
33.57,06037199201
32.07,06037199202
31.77,06037199300
33.51,06037199400
31.13,06037199700
28.92,06037199801
29.51,06037199802
31.89,06037199900
37.6,06037201110
30.21,06037201120
29.44,06037201200
33.89,06037201301
34.82,06037201302
31.75,06037201401
27.57,06037201402
32.2,06037201501
34.35,06037201503
30.21,06037201504
34.84,06037201601
25.83,06037201602
30.05,06037201700
36.23,06037203100
27.79,06037203200
31.61,06037203300
33.98,06037203500
29.5,06037203601
30.0,06037203602
34.42,06037203710
32.16,06037203720
26.36,06037203800
34.45,06037203900
25.97,06037204110
33.59,06037204120
36.08,06037204200
31.54,06037204300
31.72,06037204410
27.65,06037204420
35.0,06037204600
31.21,06037204700
33.92,06037204810
27.68,06037204820
31.48,06037204910
26.15,06037204920
28.01,06037205110
32.5,06037205120
31.66,06037206010
30.97,06037206020
29.7,06037206050
40.12,06037206051
33.41,06037206052
35.38,06037206053
29.09,06037206054
33.18,06037206201
25.03,06037206202
53.25,06037206301
58.93,06037206302
45.98,06037206303
32.13,06037207101
34.1,06037207102
23.18,06037207103
33.61,06037207303
32.0,06037207304
36.6,06037207305
33.92,06037207306
23.24,06037207307
32.77,06037207308
26.38,06037207400
30.64,06037207501
44.15,06037207502
26.93,06037207711
31.22,06037207712
46.8,06037207901
29.84,06037207902
31.96,06037208001
33.9,06037208002
34.4,06037208301
38.16,06037208302
35.43,06037208401
31.39,06037208402
34.03,06037208501
32.3,06037208502
35.63,06037208610
34.1,06037208620
32.34,06037208710
35.4,06037208720
26.97,06037208801
32.18,06037208802
40.52,06037208902
38.34,06037208903
30.59,06037208904
36.56,06037209103
34.05,06037209104
27.4,06037209105
34.35,06037209106
30.31,06037209201
39.34,06037209202
26.08,06037209300
33.32,06037209401
44.78,06037209402
48.4,06037209403
29.33,06037209510
31.31,06037209520
31.21,06037209810
31.97,06037209820
36.26,06037210010
30.77,06037211000
33.12,06037211121
31.36,06037211122
22.63,06037211123
28.38,06037211124
30.15,06037211201
31.83,06037211202
35.59,06037211310
37.92,06037211320
27.6,06037211410
37.15,06037211420
33.8,06037211500
31.04,06037211701
31.43,06037211703
29.3,06037211704
33.95,06037211802
28.19,06037211803
26.71,06037211804
34.3,06037211910
29.7,06037211921
37.24,06037211922
32.37,06037212101
32.39,06037212102
31.46,06037212202
31.7,06037212203
35.11,06037212204
28.33,06037212303
36.85,06037212304
35.84,06037212305
28.73,06037212306
35.77,06037212410
34.89,06037212420
35.67,06037212501
29.76,06037212502
35.34,06037212610
34.31,06037212620
31.5,06037212701
25.16,06037212702
31.33,06037212800
34.85,06037212900
28.24,06037213100
30.87,06037213201
32.56,06037213202
35.13,06037213310
34.72,06037213320
31.78,06037213401
32.96,06037213402
24.72,06037214000
28.77,06037214100
38.72,06037214400
29.33,06037214501
32.3,06037214503
31.45,06037214504
31.38,06037214505
26.85,06037214600
28.76,06037214700
30.24,06037214800
29.29,06037214902
24.57,06037214903
29.76,06037214904
35.47,06037215101
29.57,06037215102
30.51,06037216100
27.01,06037216201
30.98,06037216202
33.48,06037216301
32.96,06037216302
28.09,06037216401
27.57,06037216402
32.72,06037216700
27.06,06037216800
31.21,06037216901
33.44,06037216902
27.69,06037217001
29.09,06037217002
32.17,06037217101
31.25,06037217102
29.62,06037217200
33.81,06037218110
33.3,06037218120
33.82,06037218210
32.98,06037218220
32.52,06037218300
34.0,06037218400
32.01,06037218500
36.97,06037218600
39.91,06037218701
37.39,06037218702
32.58,06037218800
29.94,06037218900
39.69,06037219010
40.39,06037219020
36.96,06037219300
34.44,06037219500
34.53,06037219700
36.12,06037219800
33.02,06037219901
28.98,06037219902
27.87,06037220000
35.33,06037220100
33.38,06037221110
31.89,06037221120
35.16,06037221210
32.76,06037221220
36.62,06037221302
34.46,06037221303
29.83,06037221304
27.6,06037221401
36.6,06037221402
40.66,06037221500
33.06,06037221601
31.82,06037221602
34.21,06037221710
44.7,06037221810
35.82,06037221820
30.39,06037221900
35.05,06037222001
33.94,06037222002
36.43,06037222100
36.14,06037222200
33.67,06037222500
30.26,06037222600
26.18,06037222700
26.33,06037224010
29.6,06037224020
31.04,06037224200
24.23,06037224310
38.78,06037224320
31.44,06037224410
34.46,06037224420
35.1,06037224600
33.96,06037224701
21.99,06037224702
33.38,06037226001
42.62,06037226002
35.46,06037226410
30.78,06037226420
40.21,06037226701
31.15,06037226702
32.11,06037227010
33.2,06037227020
29.36,06037228100
33.28,06037228210
30.09,06037228220
32.17,06037228310
38.53,06037228320
37.11,06037228410
37.54,06037228420
36.06,06037228500
44.97,06037228600
39.03,06037228710
34.79,06037228720
40.5,06037228800
39.85,06037228900
35.85,06037229100
39.8,06037229200
33.8,06037229300
34.28,06037229410
30.96,06037229420
27.19,06037231100
34.41,06037231210
34.41,06037231220
38.77,06037231301
36.46,06037231302
34.81,06037231400
30.5,06037231500
27.94,06037231601
31.41,06037231602
35.84,06037231603
34.16,06037231710
36.55,06037231720
34.57,06037231800
37.66,06037231901
37.88,06037231902
41.76,06037232110
33.42,06037232120
43.68,06037232200
39.38,06037232300
44.68,06037232401
39.61,06037232402
34.49,06037232500
40.76,06037232601
38.8,06037232602
34.28,06037232701
39.64,06037232702
36.12,06037232800
38.06,06037234001
33.1,06037234002
34.76,06037234200
31.28,06037234301
36.66,06037234302
34.22,06037234501
32.47,06037234502
33.25,06037234600
36.05,06037234700
40.45,06037234800
32.18,06037234901
33.98,06037234902
36.95,06037235100
40.93,06037235201
37.32,06037235202
33.2,06037236001
37.26,06037236101
36.12,06037236102
34.16,06037236203
31.96,06037236204
37.35,06037236205
42.84,06037236206
34.51,06037236400
37.0,06037237101
31.92,06037237102
29.67,06037237201
40.89,06037237202
36.63,06037237300
37.01,06037237401
35.0,06037237402
35.05,06037237500
41.12,06037237600
39.37,06037237710
36.53,06037237720
36.5,06037237800
36.49,06037237900
34.54,06037238000
36.44,06037238100
31.64,06037238200
33.32,06037238310
36.11,06037238320
32.93,06037238400
40.11,06037239201
41.49,06037239202
32.74,06037239310
37.24,06037239320
32.33,06037239330
37.96,06037239501
35.99,06037239502
35.93,06037239601
39.58,06037239602
33.08,06037239701
37.52,06037239702
35.82,06037239801
38.3,06037239802
38.7,06037240010
31.68,06037240020
30.33,06037240200
40.07,06037240301
41.76,06037240302
39.38,06037240401
36.78,06037240402
34.37,06037240500
35.1,06037240600
38.25,06037240700
39.41,06037240800
38.28,06037240901
25.86,06037240902
31.54,06037241001
30.48,06037241002
32.7,06037241110
40.55,06037241120
31.18,06037241201
29.3,06037241202
31.8,06037241300
27.61,06037241400
30.99,06037242000
46.44,06037242100
40.16,06037242201
40.28,06037242202
40.72,06037242300
30.93,06037242600
38.73,06037242700
29.53,06037243001
42.02,06037243002
30.46,06037243100
26.82,06037261102
28.34,06037261103
26.3,06037261104
35.69,06037261200
27.63,06037262100
30.52,06037262200
31.22,06037262301
26.8,06037262302
24.36,06037262303
26.77,06037262400
28.3,06037262501
35.38,06037262601
25.6,06037262604
28.6,06037262704
32.63,06037262706
24.52,06037262802
21.08,06037264000
25.9,06037264102
24.28,06037264103
25.38,06037264303
27.94,06037264304
27.15,06037264305
30.47,06037264306
27.91,06037265100
25.9,06037265201
22.87,06037265203
40.06,06037265204
24.46,06037265301
25.31,06037265303
22.47,06037265304
22.03,06037265306
19.9,06037265307
26.76,06037265410
20.83,06037265420
22.38,06037265521
24.29,06037265522
22.47,06037265523
22.6,06037265524
26.08,06037265601
29.72,06037265602
22.91,06037265701
28.48,06037265702
32.5,06037267101
24.26,06037267102
24.85,06037267201
24.66,06037267202
26.34,06037267300
18.98,06037267403
25.55,06037267404
24.43,06037267405
22.86,06037267406
24.04,06037267502
21.73,06037267503
25.54,06037267504
25.62,06037267600
26.75,06037267700
25.88,06037267800
23.57,06037267901
24.34,06037267902
27.95,06037269000
26.73,06037269100
24.88,06037269300
24.96,06037269500
29.47,06037269601
26.37,06037269602
29.45,06037269700
30.74,06037269800
29.05,06037269903
25.32,06037269905
25.53,06037269906
26.97,06037269907
27.26,06037269908
36.84,06037269909
34.15,06037270101
22.85,06037270102
30.11,06037270200
27.73,06037270300
27.77,06037271100
24.39,06037271200
28.5,06037271300
27.69,06037271400
24.68,06037271500
28.82,06037271600
25.91,06037271702
26.64,06037271703
23.04,06037271704
24.62,06037271801
28.63,06037271803
28.57,06037271804
26.08,06037271901
27.91,06037271902
28.73,06037272100
26.51,06037272201
31.96,06037272202
25.74,06037272301
30.15,06037272302
23.17,06037273100
30.0,06037273200
33.88,06037273300
28.83,06037273403
35.43,06037273404
30.83,06037273502
27.68,06037273600
23.58,06037273700
27.64,06037273800
28.58,06037273902
40.47,06037274100
33.38,06037274202
30.48,06037275101
30.69,06037275102
28.32,06037275200
28.74,06037275311
32.21,06037275312
28.49,06037275313
35.18,06037275400
35.29,06037275500
29.65,06037275603
35.41,06037275604
32.49,06037275605
30.65,06037276000
26.92,06037276101
32.7,06037276102
33.42,06037276400
27.69,06037276500
33.06,06037276601
29.54,06037276605
34.26,06037276606
27.91,06037276607
27.24,06037276608
31.41,06037277000
34.85,06037277100
37.85,06037277200
0.0,06037277400
37.57,06037278001
30.76,06037278102
31.6,06037291110
30.44,06037291120
34.29,06037291130
24.59,06037291210
31.8,06037291220
34.46,06037291300
27.67,06037292001
26.55,06037292002
25.45,06037293203
30.41,06037293204
24.89,06037293205
32.83,06037293206
32.01,06037293301
25.41,06037293302
27.34,06037293304
34.88,06037293306
32.54,06037293307
26.84,06037294110
26.39,06037294120
27.93,06037294200
28.01,06037294301
23.84,06037294302
29.05,06037294410
28.11,06037294421
29.96,06037294510
27.51,06037294520
28.35,06037294610
30.13,06037294620
32.29,06037294701
27.27,06037294810
27.79,06037294820
29.09,06037294830
30.12,06037294900
29.68,06037295103
27.06,06037296210
35.09,06037296220
36.13,06037296300
31.29,06037296401
32.88,06037296402
30.7,06037296500
31.76,06037296600
34.65,06037296901
32.27,06037296902
31.78,06037297001
27.28,06037297002
27.95,06037297110
31.28,06037297120
27.11,06037297201
33.76,06037297202
37.37,06037297300
29.99,06037297400
30.3,06037297501
31.96,06037297502
33.53,06037297601
40.93,06037297602
38.31,06037300100
32.55,06037300200
32.38,06037300301
29.07,06037300400
33.84,06037300501
25.46,06037300503
36.08,06037300601
25.21,06037300602
31.48,06037300701
27.55,06037300702
31.2,06037300800
31.88,06037300901
28.13,06037300902
30.26,06037301000
34.68,06037301100
26.27,06037301203
27.64,06037301204
30.59,06037301205
27.32,06037301206
25.15,06037301300
35.44,06037301400
35.89,06037301501
32.07,06037301502
28.47,06037301601
25.26,06037301602
26.18,06037301701
27.1,06037301702
31.74,06037301801
38.81,06037301802
25.88,06037301901
25.47,06037301902
25.32,06037302002
31.47,06037302003
23.71,06037302004
34.38,06037302102
30.07,06037302103
31.91,06037302104
27.5,06037302201
26.7,06037302202
30.9,06037302301
28.3,06037302302
29.62,06037302401
34.65,06037302503
33.46,06037302504
33.73,06037302505
29.63,06037302506
29.75,06037310100
29.24,06037310201
32.03,06037310202
26.19,06037310300
33.54,06037310400
31.42,06037310501
30.93,06037310601
32.6,06037310602
30.7,06037310701
28.69,06037310703
29.17,06037310704
25.87,06037310705
28.22,06037310800
29.26,06037310900
26.04,06037311000
28.94,06037311100
25.81,06037311200
26.4,06037311300
32.35,06037311400
25.34,06037311500
26.19,06037311601
26.76,06037311602
25.24,06037311700
26.66,06037311801
35.43,06037311802
34.65,06037320101
34.91,06037320102
26.05,06037320201
31.92,06037320202
29.88,06037320300
30.67,06037400205
31.89,06037400206
32.48,06037400207
24.6,06037400208
38.02,06037400209
33.22,06037400304
32.81,06037400402
36.58,06037400403
30.16,06037400404
33.08,06037400501
39.46,06037400602
35.79,06037400603
36.43,06037400605
33.7,06037400801
40.95,06037401001
35.09,06037401002
31.83,06037401101
29.6,06037401102
36.45,06037401201
33.73,06037401202
35.26,06037401203
31.56,06037401303
32.68,06037401304
33.29,06037401311
38.0,06037401312
27.01,06037401500
40.65,06037401601
36.21,06037401602
31.61,06037401705
32.96,06037401706
32.86,06037401707
32.58,06037401801
28.51,06037401802
21.37,06037401901
31.09,06037401902
30.01,06037402001
30.71,06037402002
33.83,06037402101
31.44,06037402102
30.63,06037402200
35.04,06037402301
30.12,06037402303
30.68,06037402304
29.25,06037402403
21.55,06037402404
31.98,06037402405
37.61,06037402406
32.52,06037402501
35.66,06037402503
34.2,06037402504
33.47,06037402601
39.95,06037402602
32.44,06037402702
35.51,06037402703
36.5,06037402705
36.2,06037402706
31.09,06037402801
32.32,06037402803
28.19,06037402804
33.35,06037402902
40.05,06037402903
31.41,06037402904
30.8,06037403000
35.83,06037403305
38.49,06037403316
36.28,06037403317
35.11,06037403318
32.2,06037403319
37.81,06037403320
37.29,06037403321
33.81,06037403323
33.17,06037403324
38.92,06037403325
32.31,06037403326
36.88,06037403327
38.7,06037403328
34.99,06037403401
36.4,06037403402
31.76,06037403403
31.87,06037403404
35.65,06037403407
40.71,06037403408
33.9,06037403409
39.42,06037403500
38.06,06037403601
31.9,06037403702
33.87,06037403703
34.18,06037403721
32.35,06037403722
31.21,06037403801
36.8,06037403802
34.74,06037403901
32.5,06037403902
37.03,06037404000
36.85,06037404100
32.52,06037404201
35.43,06037404203
29.73,06037404301
37.85,06037404302
27.44,06037404401
32.65,06037404402
31.01,06037404501
34.26,06037404503
26.72,06037404504
31.21,06037404600
31.33,06037404701
33.95,06037404702
35.89,06037404703
29.72,06037404804
25.91,06037404805
30.06,06037404806
24.13,06037404901
31.63,06037404902
32.95,06037404903
28.1,06037405001
34.65,06037405002
29.35,06037405101
32.91,06037405102
35.48,06037405201
27.35,06037405202
31.37,06037405203
29.47,06037405301
28.59,06037405302
33.72,06037405400
35.8,06037405500
37.22,06037405600
28.45,06037405701
33.43,06037405702
35.85,06037405800
32.54,06037405900
37.61,06037406000
35.31,06037406101
33.21,06037406103
35.14,06037406201
32.74,06037406300
30.63,06037406413
34.97,06037406500
38.13,06037406601
35.85,06037406602
36.6,06037406701
34.28,06037406702
37.05,06037406801
32.26,06037406903
36.01,06037407001
34.42,06037407002
28.49,06037407101
34.84,06037407102
36.12,06037407201
35.46,06037407202
34.47,06037407301
31.35,06037407302
33.01,06037407400
33.78,06037407501
40.38,06037407502
30.75,06037407601
38.35,06037407602
35.8,06037407701
31.68,06037407702
30.99,06037407801
33.06,06037407802
35.34,06037407901
36.73,06037407902
32.74,06037408003
37.44,06037408004
42.42,06037408005
36.86,06037408006
33.69,06037408133
36.01,06037408134
34.3,06037408135
39.41,06037408136
32.56,06037408137
32.72,06037408138
32.0,06037408139
27.77,06037408140
27.82,06037408141
32.03,06037408212
33.41,06037408213
33.35,06037408301
38.41,06037408302
32.94,06037408303
29.17,06037408401
36.19,06037408402
39.22,06037408503
35.86,06037408504
29.79,06037408505
37.64,06037408623
31.63,06037408624
39.61,06037408625
32.41,06037408626
35.93,06037408627
35.46,06037408628
38.69,06037408629
30.56,06037408631
38.83,06037408703
34.92,06037408705
35.85,06037408707
38.56,06037408722
27.44,06037408724
38.49,06037408725
30.29,06037408800
34.46,06037408900
38.48,06037409000
36.87,06037409100
31.95,06037430003
35.48,06037430004
32.88,06037430005
34.71,06037430101
29.67,06037430102
34.79,06037430200
30.86,06037430301
33.58,06037430302
33.54,06037430400
32.5,06037430501
30.15,06037430502
30.88,06037430600
28.19,06037430701
32.6,06037430721
28.55,06037430723
34.91,06037430724
31.89,06037430801
35.36,06037430802
32.38,06037430803
31.6,06037430901
31.62,06037430902
33.43,06037431002
34.47,06037431003
32.93,06037431004
30.64,06037431100
28.86,06037431200
35.26,06037431300
32.48,06037431400
31.95,06037431501
30.05,06037431502
32.19,06037431600
31.76,06037431701
29.78,06037431800
31.09,06037431900
32.96,06037432001
33.39,06037432002
31.64,06037432101
34.01,06037432102
25.53,06037432201
29.62,06037432202
29.8,06037432300
30.33,06037432401
31.4,06037432402
30.94,06037432501
30.59,06037432502
28.94,06037432601
32.77,06037432602
31.83,06037432700
32.41,06037432801
33.1,06037432802
29.28,06037432901
30.81,06037432902
34.45,06037433103
30.32,06037433200
34.16,06037433302
28.38,06037433304
26.01,06037433305
35.36,06037433306
31.69,06037433307
25.26,06037433402
25.21,06037433403
31.23,06037433505
28.95,06037433506
29.11,06037433601
33.22,06037433602
28.96,06037433803
26.53,06037433804
27.77,06037433901
33.2,06037433903
33.49,06037434001
31.19,06037434003
33.47,06037434004
29.2,06037434100
32.86,06037460001
33.74,06037460002
29.64,06037460101
29.23,06037460200
33.52,06037460301
31.93,06037460302
33.21,06037460401
33.82,06037460501
28.15,06037460502
30.76,06037460601
29.52,06037460700
35.73,06037460800
24.53,06037460900
28.63,06037461000
25.67,06037461100
29.36,06037461200
27.13,06037461300
32.77,06037461400
38.87,06037461501
28.4,06037461502
25.09,06037461600
24.83,06037461700
31.86,06037461901
32.4,06037461902
31.66,06037462001
33.92,06037462002
29.49,06037462100
25.99,06037462201
31.11,06037462202
27.64,06037462301
28.39,06037462302
29.98,06037462400
29.98,06037462500
33.34,06037462600
25.62,06037462700
25.8,06037462800
23.58,06037462900
28.19,06037463000
30.07,06037463103
27.28,06037463200
35.07,06037463300
34.82,06037463400
32.2,06037463500
26.95,06037463601
28.46,06037463602
30.9,06037463700
28.54,06037463800
25.04,06037463900
28.62,06037464000
27.65,06037464101
22.61,06037464102
33.31,06037464200
33.83,06037480002
28.11,06037480011
31.55,06037480012
30.07,06037480101
33.65,06037480102
34.8,06037480201
28.95,06037480202
29.78,06037480302
35.19,06037480303
30.51,06037480304
34.31,06037480400
29.28,06037480500
30.05,06037480601
34.23,06037480602
31.99,06037480702
30.59,06037480703
32.78,06037480704
30.53,06037480802
35.34,06037480803
32.43,06037480804
29.77,06037480901
35.37,06037480902
30.45,06037480903
32.87,06037481001
26.71,06037481002
37.82,06037481101
27.41,06037481102
33.42,06037481103
34.4,06037481201
33.58,06037481203
33.98,06037481300
28.22,06037481401
27.28,06037481403
31.8,06037481404
39.17,06037481500
32.61,06037481603
37.2,06037481604
33.38,06037481605
28.74,06037481606
33.04,06037481711
26.18,06037481712
33.34,06037481713
28.24,06037481714
34.61,06037481800
32.53,06037481901
35.01,06037481902
31.62,06037482001
31.71,06037482002
29.95,06037482101
33.89,06037482102
34.49,06037482201
32.41,06037482202
30.4,06037482301
28.47,06037482303
28.46,06037482304
29.58,06037482401
30.42,06037482403
32.03,06037482404
29.36,06037482502
31.83,06037482503
30.71,06037482521
29.43,06037482522
34.28,06037482600
31.02,06037482701
32.02,06037482702
30.69,06037482801
40.34,06037500100
38.57,06037500202
31.28,06037500203
36.92,06037500204
34.16,06037500300
32.57,06037500402
37.36,06037500403
38.77,06037500404
31.06,06037500500
32.26,06037500600
32.89,06037500700
36.79,06037500800
27.95,06037500900
33.13,06037501001
33.39,06037501002
35.23,06037501200
38.29,06037501301
32.09,06037501302
39.88,06037501400
38.86,06037501501
32.74,06037501503
34.14,06037501504
34.54,06037501600
37.46,06037501700
37.28,06037501802
35.9,06037501803
35.5,06037501804
38.03,06037501900
32.51,06037502003
32.92,06037502004
34.83,06037502005
31.63,06037502100
34.82,06037502200
35.33,06037502303
28.79,06037502401
29.52,06037502402
36.51,06037502500
32.16,06037502602
29.63,06037502603
34.08,06037502604
27.48,06037502700
35.18,06037502801
35.13,06037502901
38.32,06037503000
31.42,06037503103
28.86,06037503104
29.22,06037503105
33.17,06037503106
33.55,06037503201
38.67,06037503202
31.17,06037503301
35.55,06037503302
38.32,06037503401
33.76,06037503402
32.32,06037503501
33.09,06037503502
35.59,06037503601
33.84,06037503602
36.57,06037503701
36.12,06037503702
34.83,06037503704
38.6,06037503705
33.81,06037503801
34.19,06037503802
34.8,06037503901
40.18,06037503902
30.33,06037504001
31.61,06037504002
31.06,06037504101
38.37,06037504200
36.52,06037530005
37.76,06037530006
32.87,06037530007
31.19,06037530101
28.47,06037530102
30.7,06037530202
34.04,06037530203
39.01,06037530204
30.76,06037530301
32.59,06037530302
23.35,06037530400
31.86,06037530500
41.2,06037530603
38.4,06037530700
37.15,06037530801
30.18,06037530802
27.8,06037530901
30.73,06037530902
31.24,06037531000
26.7,06037531101
29.96,06037531102
34.79,06037531201
32.01,06037531202
31.98,06037531301
26.85,06037531302
33.3,06037531502
33.4,06037531503
34.33,06037531504
30.89,06037531602
32.64,06037531603
29.69,06037531604
31.9,06037531701
33.22,06037531702
29.07,06037531800
30.84,06037531901
30.18,06037531902
27.65,06037532001
26.56,06037532002
31.98,06037532101
32.39,06037532102
30.41,06037532200
31.23,06037532302
25.15,06037532303
33.17,06037532304
35.12,06037532500
30.75,06037532605
40.63,06037532606
34.62,06037532607
36.71,06037532700
38.98,06037532800
37.66,06037532900
37.23,06037533001
31.2,06037533002
32.45,06037533103
31.31,06037533104
31.85,06037533105
35.64,06037533108
35.64,06037533201
28.29,06037533204
34.48,06037533300
30.9,06037533401
35.39,06037533402
34.68,06037533403
26.42,06037533501
31.02,06037533504
32.31,06037533601
32.77,06037533602
29.42,06037533603
31.42,06037533701
33.33,06037533702
30.25,06037533703
35.59,06037533803
35.43,06037533804
33.19,06037533805
34.98,06037533806
30.44,06037533901
35.2,06037533902
29.73,06037534001
31.11,06037534002
28.56,06037534101
31.31,06037534102
32.17,06037534201
30.9,06037534202
30.53,06037534203
34.18,06037534301
31.04,06037534302
36.56,06037534403
34.31,06037534404
35.9,06037534405
31.8,06037534406
38.37,06037534501
33.61,06037534502
36.24,06037534700
34.01,06037534802
37.52,06037534803
39.43,06037534804
32.48,06037534900
40.55,06037535001
37.0,06037535002
32.23,06037535101
40.88,06037535102
30.36,06037535200
33.57,06037535300
35.27,06037535400
33.44,06037535501
40.87,06037535502
30.97,06037535503
35.51,06037535603
32.75,06037535604
36.31,06037535605
30.92,06037535606
38.9,06037535607
38.25,06037535701
33.82,06037535702
32.8,06037535802
32.88,06037535803
33.43,06037535804
34.9,06037535901
33.14,06037535902
28.82,06037536000
34.73,06037536102
37.31,06037536103
29.74,06037536104
36.99,06037536201
28.24,06037536202
32.17,06037540000
33.43,06037540101
34.85,06037540102
36.27,06037540201
30.14,06037540202
32.12,06037540203
37.09,06037540300
31.58,06037540400
34.71,06037540501
29.58,06037540502
33.1,06037540600
30.93,06037540700
37.81,06037540800
31.0,06037540901
27.16,06037540902
32.28,06037541003
32.58,06037541100
29.64,06037541200
36.8,06037541300
30.26,06037541401
35.04,06037541402
37.02,06037541500
31.43,06037541603
31.07,06037541604
32.09,06037541605
34.84,06037541606
31.76,06037541700
28.77,06037541801
28.64,06037541802
30.87,06037542000
34.73,06037542103
32.77,06037542104
34.5,06037542105
31.23,06037542106
32.63,06037542200
31.51,06037542401
29.78,06037542402
30.65,06037542501
29.99,06037542502
29.26,06037542601
31.74,06037542602
33.08,06037542700
32.88,06037542800
28.42,06037542900
27.5,06037543000
29.24,06037543100
28.63,06037543201
31.98,06037543203
30.53,06037543304
32.36,06037543305
29.18,06037543306
29.75,06037543321
24.23,06037543322
26.52,06037543400
31.16,06037543501
28.62,06037543502
28.15,06037543503
25.07,06037543601
32.58,06037543603
24.5,06037543605
26.85,06037543606
28.09,06037543607
32.67,06037543701
26.54,06037543703
27.71,06037543704
32.55,06037543705
29.73,06037543801
27.6,06037543803
29.22,06037543804
26.46,06037543903
29.56,06037543905
26.8,06037544001
27.51,06037544002
30.92,06037550101
28.75,06037550201
31.68,06037550202
30.35,06037550301
32.43,06037550501
29.89,06037550502
34.99,06037550601
32.15,06037550602
32.17,06037550700
39.19,06037550801
33.96,06037550802
39.61,06037550901
37.36,06037550902
27.19,06037551001
34.18,06037551002
33.55,06037551101
31.58,06037551102
26.76,06037551201
31.35,06037551203
28.9,06037551204
32.14,06037551300
35.84,06037551401
32.54,06037551402
30.53,06037551501
35.94,06037551502
34.2,06037551700
37.8,06037551801
29.35,06037551802
34.28,06037551900
36.04,06037552001
30.97,06037552002
29.07,06037552100
29.34,06037552200
34.63,06037552301
41.38,06037552302
31.18,06037552400
31.6,06037552601
29.76,06037552602
30.44,06037552700
32.67,06037552800
28.92,06037552900
35.74,06037553000
32.92,06037553100
32.46,06037553201
32.34,06037553202
30.47,06037553300
29.74,06037553400
33.43,06037553502
28.65,06037553503
31.96,06037553504
30.31,06037553601
30.07,06037553602
29.55,06037553701
29.66,06037553702
31.56,06037553801
30.52,06037553802
31.87,06037553901
26.28,06037553902
30.6,06037554001
33.56,06037554002
29.53,06037554101
36.81,06037554105
30.78,06037554106
32.03,06037554201
31.57,06037554203
31.55,06037554204
28.73,06037554301
36.27,06037554302
24.8,06037554403
31.18,06037554404
28.97,06037554405
31.92,06037554406
33.27,06037554511
38.46,06037554512
32.99,06037554513
32.03,06037554514
34.57,06037554515
35.45,06037554516
32.12,06037554517
37.11,06037554518
33.18,06037554519
34.48,06037554521
34.22,06037554522
32.23,06037554600
27.88,06037554700
30.6,06037554801
26.03,06037554802
27.73,06037554900
31.04,06037555001
30.45,06037555002
28.55,06037555105
28.42,06037555106
32.15,06037555107
31.05,06037555202
27.84,06037555211
29.92,06037555212
31.75,06037555300
33.35,06037570001
33.46,06037570002
34.11,06037570003
36.87,06037570100
29.43,06037570202
31.43,06037570203
32.15,06037570204
28.66,06037570303
32.56,06037570304
34.76,06037570305
34.25,06037570306
34.5,06037570402
23.29,06037570403
31.44,06037570404
32.4,06037570502
38.39,06037570503
35.37,06037570504
29.82,06037570601
29.99,06037570602
31.85,06037570603
31.0,06037570701
28.92,06037570703
31.73,06037570800
27.15,06037570901
31.72,06037570902
27.69,06037571000
29.27,06037571101
36.25,06037571102
33.97,06037571201
36.36,06037571202
31.28,06037571300
31.34,06037571400
36.33,06037571502
31.0,06037571504
32.85,06037571505
30.53,06037571600
35.26,06037571701
30.54,06037571703
29.77,06037571704
37.36,06037571800
33.02,06037571900
37.54,06037572001
28.6,06037572201
30.41,06037572202
29.9,06037572301
26.45,06037572500
28.79,06037572600
28.41,06037572700
36.33,06037573002
28.43,06037573003
30.27,06037573004
34.28,06037573101
34.77,06037573102
31.04,06037573201
32.15,06037573202
29.03,06037573300
31.52,06037573401
35.29,06037573402
30.32,06037573403
29.7,06037573601
31.09,06037573700
29.56,06037573800
26.65,06037573902
30.99,06037574000
31.75,06037574100
31.8,06037574201
35.23,06037574202
30.74,06037574300
30.85,06037574400
30.47,06037574500
34.1,06037574602
36.81,06037574800
28.84,06037574901
31.82,06037574902
33.18,06037575001
30.77,06037575002
35.26,06037575101
27.1,06037575102
32.01,06037575103
29.88,06037575201
25.42,06037575202
31.7,06037575300
29.82,06037575401
28.96,06037575402
27.98,06037575801
26.23,06037575802
34.38,06037575803
35.45,06037575901
30.16,06037575902
32.34,06037576001
33.18,06037576200
32.15,06037576301
29.55,06037576302
28.73,06037576401
30.52,06037576402
31.85,06037576403
31.1,06037576501
31.36,06037576502
32.43,06037576503
35.74,06037576601
35.66,06037576602
35.58,06037576700
36.92,06037576801
34.32,06037576802
30.78,06037576901
32.29,06037576903
33.2,06037576904
32.47,06037577000
33.03,06037577100
32.59,06037577200
37.78,06037577300
33.68,06037577400
34.12,06037577501
33.67,06037577504
30.78,06037577602
39.15,06037577604
33.85,06037577605
28.27,06037577606
25.76,06037577700
30.33,06037577800
31.58,06037577900
26.17,06037578000
22.17,06037578100
14.74,06037599000
16.23,06037599100
33.21,06037600100
34.22,06037600201
38.52,06037600202
40.81,06037600302
36.17,06037600303
35.01,06037600304
31.14,06037600400
32.73,06037600501
35.39,06037600601
32.49,06037600602
37.9,06037600702
38.29,06037600703
38.66,06037600704
38.64,06037600801
37.28,06037600802
33.7,06037600902
32.63,06037600911
33.76,06037600912
26.79,06037601001
35.23,06037601002
28.28,06037601100
37.36,06037601202
27.13,06037601211
27.88,06037601212
30.19,06037601301
27.43,06037601302
34.5,06037601303
31.5,06037601401
30.41,06037601402
27.12,06037601501
25.94,06037601502
35.35,06037601600
32.68,06037601700
23.47,06037601801
30.43,06037601802
30.19,06037601900
30.21,06037602002
32.71,06037602003
32.48,06037602103
31.41,06037602104
33.11,06037602105
27.2,06037602106
25.83,06037602201
25.96,06037602202
30.42,06037602301
25.82,06037602302
29.34,06037602402
31.61,06037602403
28.27,06037602404
27.48,06037602504
29.69,06037602505
31.59,06037602506
29.77,06037602507
27.97,06037602510
37.35,06037602511
25.33,06037602512
26.09,06037602513
38.81,06037602601
27.43,06037602602
30.79,06037602700
25.78,06037602801
33.09,06037602802
27.54,06037602900
29.44,06037603004
27.42,06037603005
29.04,06037603006
30.57,06037603007
29.89,06037603008
28.26,06037603101
30.05,06037603102
28.62,06037603200
29.25,06037603301
32.21,06037603302
30.87,06037603400
30.82,06037603500
32.18,06037603600
29.62,06037603702
30.03,06037603703
26.33,06037603705
28.4,06037603706
26.51,06037603801
27.46,06037603802
29.06,06037603901
24.59,06037603902
25.19,06037604001
29.59,06037604002
27.59,06037604101
31.37,06037604102
27.55,06037604200
29.78,06037609900
26.32,06037620001
27.78,06037620002
24.22,06037620101
29.49,06037620102
30.63,06037620201
25.71,06037620301
35.17,06037620303
30.12,06037620305
37.68,06037620400
29.6,06037620501
27.46,06037620521
29.97,06037620522
32.44,06037620601
23.35,06037620602
28.03,06037620701
33.75,06037620703
27.48,06037620704
34.38,06037620801
35.91,06037620802
33.84,06037620901
42.06,06037620904
31.22,06037621001
29.53,06037621005
28.45,06037621102
36.5,06037621104
28.99,06037621201
32.74,06037621204
31.28,06037621301
31.82,06037621324
36.05,06037621326
33.71,06037621400
31.15,06037650001
29.43,06037650003
26.82,06037650004
30.66,06037650101
26.07,06037650102
26.77,06037650200
23.15,06037650300
29.13,06037650401
25.9,06037650501
31.59,06037650502
28.19,06037650603
29.34,06037650604
30.33,06037650605
30.82,06037650606
34.09,06037650607
28.06,06037650701
32.83,06037650702
28.52,06037650801
25.79,06037650802
24.46,06037650901
24.3,06037650903
29.47,06037650904
25.44,06037651001
35.12,06037651002
26.22,06037651101
28.99,06037651102
29.7,06037651201
27.45,06037651221
35.07,06037651222
30.96,06037651302
36.35,06037651304
27.56,06037651401
31.16,06037651402
31.39,06037670001
30.87,06037670002
27.72,06037670003
28.53,06037670101
22.85,06037670102
32.64,06037670201
30.99,06037670202
34.48,06037670324
36.95,06037670326
32.5,06037670328
40.02,06037670405
31.9,06037670406
36.78,06037670407
35.72,06037670413
39.97,06037670416
32.99,06037670417
34.52,06037670418
32.46,06037670500
35.54,06037670603
42.15,06037670604
32.35,06037670701
28.99,06037670702
29.37,06037700101
35.29,06037700102
31.72,06037700200
29.3,06037700300
27.9,06037700400
28.87,06037700501
30.1,06037700502
26.96,06037700600
27.43,06037700700
32.13,06037700801
28.03,06037700802
27.38,06037700901
30.2,06037700902
22.42,06037701000
23.13,06037701201
28.98,06037701202
27.19,06037701302
30.18,06037701304
34.24,06037701402
31.74,06037701501
26.39,06037701502
27.67,06037701601
22.86,06037701602
25.83,06037701701
26.48,06037701702
23.13,06037701801
25.24,06037701802
29.08,06037701902
32.5,06037702002
40.91,06037702102
26.16,06037702201
28.82,06037702202
24.86,06037702300
31.53,06037702400
26.43,06037702501
30.55,06037702502
27.38,06037702600
29.53,06037702700
28.2,06037702801
29.95,06037702802
32.06,06037702803
33.29,06037702900
34.53,06037703002
26.7,06037703003
33.51,06037703100
37.99,06037703200
34.05,06037800101
35.77,06037800103
40.28,06037800104
43.68,06037800202
37.18,06037800204
29.35,06037800205
32.65,06037800206
34.44,06037800324
25.26,06037800325
39.19,06037800328
31.24,06037800333
25.5,06037800334
31.05,06037800335
34.07,06037800336
27.47,06037800337
32.51,06037800338
44.25,06037800406
26.66,06037800410
30.07,06037800411
34.99,06037800412
40.89,06037800504
37.17,06037800506
34.0,06037900102
39.23,06037900103
42.51,06037900104
36.46,06037900301
33.59,06037900501
36.84,06037900504
35.19,06037900505
32.31,06037900506
32.98,06037900508
30.3,06037900509
33.59,06037900510
27.57,06037900602
32.81,06037900606
26.72,06037900607
35.42,06037900608
33.48,06037900609
23.05,06037900610
30.91,06037900611
31.84,06037900701
31.02,06037900703
28.1,06037900704
21.25,06037900705
29.46,06037900804
27.28,06037900805
17.23,06037900806
39.73,06037900807
28.27,06037900808
27.52,06037900901
38.6,06037900902
0.0,06037901003
30.51,06037901007
24.99,06037901008
30.63,06037901009
30.25,06037901010
29.99,06037901011
32.22,06037901012
33.83,06037901013
23.42,06037901014
36.93,06037901101
34.42,06037901102
45.74,06037901209
49.86,06037901210
37.11,06037901214
42.8,06037901215
39.05,06037901216
37.6,06037901217
38.58,06037901218
30.47,06037901300
35.71,06037910002
36.27,06037910210
27.33,06037910211
28.05,06037910212
41.35,06037910213
33.62,06037910214
38.37,06037910215
35.39,06037910216
41.33,06037910217
29.14,06037910218
40.9,06037910301
37.54,06037910302
31.88,06037910401
43.85,06037910404
34.44,06037910405
35.63,06037910501
38.06,06037910502
40.25,06037910504
41.94,06037910505
38.94,06037910601
39.31,06037910602
42.73,06037910605
46.59,06037910606
45.59,06037910607
37.86,06037910608
42.69,06037910706
41.15,06037910707
42.32,06037910709
44.78,06037910712
45.21,06037910713
45.06,06037910714
51.36,06037910715
40.81,06037910716
47.61,06037910717
46.16,06037910718
48.21,06037910719
39.78,06037910720
40.9,06037910721
49.04,06037910804
40.99,06037910807
40.02,06037910808
40.36,06037910809
43.45,06037910810
40.78,06037910814
50.34,06037910815
44.48,06037911001
45.12,06037911100
38.9,06037920013
36.34,06037920015
36.13,06037920016
33.55,06037920017
38.76,06037920018
30.92,06037920020
32.34,06037920028
38.78,06037920029
40.89,06037920030
33.58,06037920031
44.87,06037920034
38.46,06037920035
31.33,06037920038
34.51,06037920039
43.88,06037920040
43.25,06037920041
39.5,06037920042
42.44,06037920043
37.86,06037920044
39.58,06037920045
43.57,06037920046
27.54,06037920047
42.07,06037920048
39.6,06037920049
49.03,06037920050
39.1,06037920102
33.27,06037920104
31.74,06037920106
39.2,06037920109
37.97,06037920110
31.7,06037920111
35.88,06037920112
35.29,06037920114
33.39,06037920115
32.34,06037920116
33.08,06037920118
37.61,06037920119
33.79,06037920120
34.68,06037920121
0.0,06037920200
36.17,06037920303
31.34,06037920312
33.42,06037920313
36.15,06037920314
29.34,06037920322
39.18,06037920326
33.77,06037920328
32.48,06037920329
36.4,06037920330
30.27,06037920331
29.53,06037920332
30.76,06037920334
38.82,06037920338
33.74,06037920339
25.23,06037920340
26.43,06037920341
29.84,06037920342
33.09,06037920343
44.86,06037930400
0.0,06037980001
0.0,06037980002
0.0,06037980003
0.0,06037980004
0.0,06037980005
0.0,06037980006
0.0,06037980007
18.25,06037980008
0.0,06037980009
22.49,06037980010
0.0,06037980011
0.0,06037980012
0.0,06037980013
7.5,06037980014
34.22,06037980015
32.48,06037980016
38.23,06037980017
0.0,06037980018
23.25,06037980019
0.0,06037980020
30.41,06037980021
0.0,06037980022
0.0,06037980023
43.46,06037980024
44.64,06037980025
0.0,06037980026
0.0,06037980028
0.0,06037980030
25.71,06037980031
0.0,06037980033
0.0,06037980034
31.07,06037980035
41.57,06037980036
0.0,06037980037
0.0,06037980038
0.0,06037980039
0.0,06037990100
0.0,06037990200
0.0,06037990300
