avg_travel_time,GEOID
31.5,06037101110
38.72,06037101122
30.95,06037101220
37.46,06037101221
33.12,06037101222
31.3,06037101300
43.52,06037101400
27.13,06037102103
34.35,06037102104
36.95,06037102105
40.36,06037102107
35.63,06037103101
41.26,06037103102
40.27,06037103201
36.65,06037103202
39.39,06037103300
28.11,06037103401
40.0,06037103402
33.49,06037104103
34.29,06037104105
33.31,06037104108
37.17,06037104124
35.0,06037104201
31.66,06037104203
33.33,06037104204
30.53,06037104310
38.35,06037104321
30.89,06037104322
31.75,06037104401
23.42,06037104403
34.75,06037104404
34.93,06037104500
27.83,06037104610
37.47,06037104620
31.07,06037104701
29.26,06037104703
31.67,06037104704
31.95,06037104821
31.78,06037104822
35.48,06037104823
35.94,06037104824
35.13,06037106010
35.34,06037106020
36.62,06037106111
35.59,06037106112
36.24,06037106113
31.61,06037106114
39.11,06037106403
29.25,06037106405
29.06,06037106406
32.68,06037106407
32.95,06037106408
37.75,06037106510
32.31,06037106520
37.03,06037106603
31.81,06037106604
37.14,06037106641
36.03,06037106642
41.11,06037106643
41.54,06037106645
33.59,06037106646
31.72,06037106648
34.93,06037106649
34.51,06037107010
34.15,06037107020
33.24,06037108101
31.4,06037108102
38.5,06037108103
45.86,06037108104
41.95,06037108202
33.57,06037108203
38.65,06037108204
34.58,06037109100
36.2,06037109200
34.99,06037109300
35.03,06037109400
37.33,06037109500
33.53,06037109601
34.96,06037109603
32.64,06037109604
39.1,06037109700
31.18,06037109800
28.72,06037111100
34.41,06037111201
35.66,06037111202
31.23,06037111204
35.33,06037111205
35.48,06037111206
33.66,06037111302
38.3,06037111303
25.76,06037111304
35.4,06037111401
36.77,06037111402
31.11,06037113101
35.07,06037113102
36.49,06037113211
25.57,06037113212
29.32,06037113213
40.3,06037113231
37.04,06037113232
32.35,06037113234
38.18,06037113235
33.04,06037113237
36.17,06037113238
33.96,06037113239
30.65,06037113301
32.52,06037113303
28.73,06037113322
31.38,06037113323
27.25,06037113324
33.8,06037113423
33.81,06037113424
30.81,06037113425
38.11,06037113426
31.33,06037113427
33.43,06037113428
38.67,06037115101
18.66,06037115103
30.58,06037115104
31.79,06037115202
27.1,06037115203
32.08,06037115204
34.17,06037115301
31.99,06037115302
31.59,06037115401
32.44,06037115403
35.53,06037115404
37.78,06037117101
30.9,06037117102
37.0,06037117201
30.47,06037117202
35.56,06037117301
39.68,06037117302
34.04,06037117303
40.29,06037117404
35.2,06037117405
34.04,06037117407
34.37,06037117408
31.71,06037117510
33.2,06037117520
30.44,06037117530
35.19,06037119001
37.17,06037119003
29.38,06037119004
29.72,06037119201
29.92,06037119202
30.38,06037119310
30.48,06037119320
36.12,06037119340
37.71,06037119341
39.02,06037119342
33.23,06037119400
35.2,06037119700
36.76,06037119801
41.14,06037119802
35.93,06037119900
33.44,06037120010
36.25,06037120020
36.17,06037120030
44.33,06037120103
31.86,06037120104
30.6,06037120105
41.29,06037120106
34.02,06037120107
33.58,06037120108
31.09,06037120300
26.85,06037120400
28.41,06037121010
27.92,06037121020
32.05,06037121101
30.76,06037121102
34.28,06037121210
33.46,06037121221
32.06,06037121222
33.26,06037121600
31.52,06037121801
36.31,06037121802
27.93,06037121900
29.37,06037122000
29.96,06037122120
27.51,06037122121
31.45,06037122122
29.29,06037122200
33.77,06037122410
32.17,06037122420
34.0,06037123010
30.32,06037123020
31.12,06037123103
31.88,06037123104
33.28,06037123203
36.86,06037123204
35.48,06037123205
31.23,06037123206
36.54,06037123301
38.73,06037123303
32.82,06037123304
31.59,06037123410
32.57,06037123420
33.98,06037123510
39.28,06037123520
46.49,06037123601
35.94,06037123602
35.2,06037123700
32.76,06037123800
36.47,06037123901
28.02,06037123902
33.39,06037124000
35.79,06037124102
33.07,06037124103
30.99,06037124104
31.19,06037124105
35.45,06037124201
32.78,06037124203
42.81,06037124204
31.92,06037124300
30.73,06037124400
30.45,06037124500
34.26,06037124600
38.14,06037124700
34.25,06037124902
34.58,06037124903
38.54,06037125101
29.85,06037125102
31.73,06037125200
27.57,06037125310
40.6,06037125321
32.74,06037125322
31.17,06037125402
31.29,06037125403
29.32,06037125404
27.82,06037125501
30.49,06037125502
28.88,06037125600
32.49,06037127102
37.89,06037127103
35.81,06037127104
31.82,06037127210
40.3,06037127220
40.56,06037127300
37.69,06037127400
37.47,06037127520
36.13,06037127603
37.17,06037127604
41.66,06037127605
31.58,06037127606
32.83,06037127711
32.4,06037127712
36.44,06037127803
36.44,06037127804
31.15,06037127805
29.23,06037127806
34.29,06037127910
43.97,06037127920
37.85,06037128101
36.66,06037128102
35.18,06037128210
35.18,06037128220
36.29,06037128302
30.12,06037128303
35.06,06037128400
35.39,06037128500
41.79,06037128601
33.45,06037128602
41.47,06037128703
31.79,06037128704
30.33,06037128801
31.92,06037128802
36.22,06037128910
40.62,06037131021
37.19,06037131022
42.1,06037131023
36.64,06037131024
33.34,06037131100
33.72,06037131200
37.94,06037131300
34.83,06037131400
38.13,06037131600
30.12,06037131701
39.4,06037131702
35.9,06037131801
32.45,06037131802
35.79,06037131900
34.08,06037132001
43.41,06037132002
32.26,06037132101
38.14,06037132102
32.78,06037132301
34.26,06037132302
31.3,06037132501
32.12,06037132502
38.93,06037132700
41.64,06037132900
33.51,06037133000
32.69,06037133101
41.01,06037133102
35.53,06037134001
32.22,06037134002
28.98,06037134101
30.88,06037134103
35.81,06037134104
31.01,06037134201
34.89,06037134302
32.66,06037134303
34.68,06037134304
29.08,06037134305
31.15,06037134306
37.4,06037134421
28.88,06037134422
35.28,06037134423
35.99,06037134424
32.72,06037134520
34.6,06037134521
36.51,06037134522
37.7,06037134710
31.34,06037134720
35.8,06037134801
33.9,06037134802
35.47,06037134901
32.99,06037134904
38.31,06037134905
28.09,06037134906
31.96,06037134907
35.97,06037135102
34.24,06037135111
33.16,06037135113
32.95,06037135115
30.06,06037135116
35.13,06037135201
38.0,06037135202
31.85,06037135204
44.44,06037135205
33.42,06037137000
29.64,06037137103
45.02,06037137104
30.26,06037137202
39.1,06037137203
24.94,06037137301
34.54,06037137302
35.65,06037137401
41.25,06037137402
34.41,06037137501
29.07,06037137502
34.82,06037137504
36.6,06037138000
38.49,06037139001
35.75,06037139200
36.43,06037139301
32.29,06037139302
34.95,06037139303
33.59,06037139401
34.95,06037139402
44.4,06037139502
33.18,06037139504
28.54,06037139505
40.47,06037139506
34.96,06037139600
37.72,06037139701
30.23,06037139703
30.52,06037139704
25.41,06037139705
37.21,06037139801
40.14,06037139802
36.49,06037141101
36.82,06037141102
33.6,06037141201
28.95,06037141202
36.83,06037141303
35.86,06037141304
34.51,06037141305
33.37,06037141306
32.96,06037141400
30.99,06037141500
33.65,06037141600
35.93,06037141700
24.74,06037143101
31.04,06037143102
34.6,06037143200
33.17,06037143301
35.45,06037143302
33.41,06037143401
29.65,06037143402
34.84,06037143500
35.84,06037143602
35.45,06037143603
35.51,06037143605
29.81,06037143606
33.3,06037143700
31.76,06037143801
28.94,06037143802
30.55,06037143901
32.02,06037143902
29.52,06037181000
33.03,06037181300
33.24,06037181400
36.22,06037181500
26.15,06037181600
37.25,06037183101
36.09,06037183103
29.81,06037183104
42.31,06037183220
32.94,06037183221
34.74,06037183222
40.08,06037183300
35.06,06037183401
32.91,06037183402
36.68,06037183510
42.58,06037183520
37.74,06037183610
32.96,06037183620
28.71,06037183701
36.83,06037183702
35.03,06037183810
33.5,06037183820
36.16,06037185101
34.86,06037185102
29.36,06037185202
31.1,06037185203
36.7,06037185204
39.49,06037185310
32.24,06037185320
33.38,06037186100
34.51,06037186201
35.34,06037186202
40.62,06037186203
35.51,06037186301
26.83,06037186302
42.21,06037186401
30.2,06037186403
33.12,06037186404
31.11,06037187101
30.41,06037187102
35.2,06037187200
30.7,06037187300
31.24,06037188100
35.09,06037188201
31.22,06037188202
33.12,06037188300
37.13,06037189101
32.2,06037189102
48.45,06037189201
31.04,06037189202
28.5,06037189300
33.44,06037189400
37.66,06037189501
38.15,06037189502
25.1,06037189600
39.76,06037189702
34.43,06037189703
31.65,06037189704
30.13,06037189801
27.3,06037189802
33.94,06037189903
33.83,06037189904
34.04,06037189905
31.83,06037189906
25.46,06037189907
31.39,06037190101
29.61,06037190102
32.78,06037190201
31.52,06037190202
25.57,06037190302
32.17,06037190303
39.4,06037190401
37.31,06037190402
30.98,06037190510
33.1,06037190520
31.72,06037190701
27.42,06037190702
37.71,06037190801
38.52,06037190802
38.85,06037190901
35.13,06037190902
33.44,06037191000
30.65,06037191110
49.91,06037191120
19.55,06037191201
50.03,06037191203
43.01,06037191204
33.3,06037191301
39.37,06037191302
44.94,06037191410
32.66,06037191420
33.5,06037191500
34.53,06037191610
44.9,06037191620
33.75,06037191710
38.62,06037191720
37.16,06037191810
39.49,06037191820
31.09,06037191901
32.47,06037191902
37.82,06037192001
34.36,06037192002
31.54,06037192300
28.99,06037192410
31.46,06037192420
33.14,06037192510
34.36,06037192520
37.91,06037192610
36.57,06037192620
36.22,06037192700
33.12,06037194101
36.29,06037194102
37.45,06037194200
36.29,06037194300
32.28,06037194401
31.51,06037194402
31.02,06037194500
36.1,06037195100
30.63,06037195201
30.11,06037195202
33.73,06037195300
26.76,06037195400
36.83,06037195500
37.5,06037195600
37.85,06037195710
30.5,06037195720
38.79,06037195802
36.45,06037195803
30.19,06037195804
35.24,06037195901
31.55,06037195902
35.02,06037195903
36.0,06037197200
34.46,06037197300
29.9,06037197410
33.07,06037197420
30.25,06037197500
27.83,06037197600
30.19,06037197700
35.74,06037199001
30.2,06037199002
27.04,06037199110
33.29,06037199120
39.19,06037199201
36.38,06037199202
34.7,06037199300
33.91,06037199400
32.66,06037199700
32.71,06037199801
32.71,06037199802
37.14,06037199900
37.79,06037201110
34.56,06037201120
30.13,06037201200
37.3,06037201301
37.6,06037201302
34.41,06037201401
27.86,06037201402
35.82,06037201501
35.08,06037201503
30.94,06037201504
39.53,06037201601
26.67,06037201602
32.12,06037201700
36.87,06037203100
32.26,06037203200
25.81,06037203300
32.02,06037203500
28.57,06037203601
34.16,06037203602
35.74,06037203710
32.72,06037203720
26.35,06037203800
35.82,06037203900
27.27,06037204110
35.55,06037204120
37.77,06037204200
34.82,06037204300
33.53,06037204410
35.09,06037204420
37.98,06037204600
32.32,06037204700
33.54,06037204810
32.19,06037204820
32.87,06037204910
27.43,06037204920
31.56,06037205110
33.11,06037205120
34.24,06037206010
31.08,06037206020
32.76,06037206050
35.46,06037206051
32.98,06037206052
37.71,06037206053
33.98,06037206054
34.28,06037206201
36.24,06037206202
33.25,06037206301
51.69,06037206302
51.15,06037206303
34.11,06037207101
35.34,06037207102
24.79,06037207103
34.59,06037207303
37.02,06037207304
36.39,06037207305
34.75,06037207306
24.56,06037207307
35.73,06037207308
27.11,06037207400
31.42,06037207501
35.48,06037207502
26.47,06037207711
29.31,06037207712
40.9,06037207901
27.99,06037207902
33.23,06037208001
36.62,06037208002
37.27,06037208301
41.59,06037208302
38.55,06037208401
36.94,06037208402
33.23,06037208501
37.18,06037208502
40.81,06037208610
36.83,06037208620
35.06,06037208710
41.07,06037208720
35.7,06037208801
35.97,06037208802
45.93,06037208902
41.66,06037208903
38.61,06037208904
40.32,06037209103
37.5,06037209104
35.23,06037209105
32.47,06037209106
26.78,06037209201
42.41,06037209202
34.43,06037209300
38.96,06037209401
40.72,06037209402
48.89,06037209403
32.34,06037209510
39.57,06037209520
36.95,06037209810
38.28,06037209820
41.76,06037210010
30.73,06037211000
32.01,06037211121
32.99,06037211122
29.34,06037211123
31.01,06037211124
33.22,06037211201
36.89,06037211202
40.25,06037211310
38.44,06037211320
27.43,06037211410
40.58,06037211420
33.71,06037211500
32.05,06037211701
34.94,06037211703
30.98,06037211704
35.82,06037211802
29.6,06037211803
30.39,06037211804
37.3,06037211910
31.73,06037211921
39.78,06037211922
37.56,06037212101
35.46,06037212102
34.31,06037212202
35.56,06037212203
34.43,06037212204
32.25,06037212303
39.12,06037212304
39.63,06037212305
30.85,06037212306
37.85,06037212410
40.44,06037212420
39.19,06037212501
33.69,06037212502
36.99,06037212610
35.48,06037212620
33.54,06037212701
25.93,06037212702
32.51,06037212800
36.12,06037212900
30.64,06037213100
36.68,06037213201
37.19,06037213202
36.3,06037213310
37.07,06037213320
37.63,06037213401
36.32,06037213402
22.11,06037214000
28.78,06037214100
37.0,06037214400
30.4,06037214501
34.99,06037214503
31.95,06037214504
31.16,06037214505
25.23,06037214600
26.51,06037214700
29.27,06037214800
28.22,06037214902
24.93,06037214903
27.28,06037214904
34.95,06037215101
32.13,06037215102
33.48,06037216100
27.26,06037216201
32.82,06037216202
34.84,06037216301
32.72,06037216302
29.27,06037216401
26.19,06037216402
33.91,06037216700
28.13,06037216800
33.31,06037216901
30.68,06037216902
26.41,06037217001
28.28,06037217002
37.2,06037217101
31.33,06037217102
35.38,06037217200
36.66,06037218110
37.15,06037218120
35.1,06037218210
35.19,06037218220
32.93,06037218300
37.68,06037218400
35.07,06037218500
39.18,06037218600
46.52,06037218701
42.26,06037218702
35.59,06037218800
30.7,06037218900
40.32,06037219010
43.03,06037219020
38.94,06037219300
36.11,06037219500
37.61,06037219700
37.19,06037219800
34.96,06037219901
34.75,06037219902
29.28,06037220000
35.35,06037220100
40.91,06037221110
35.86,06037221120
39.58,06037221210
38.29,06037221220
39.26,06037221302
36.16,06037221303
32.3,06037221304
34.17,06037221401
39.27,06037221402
42.72,06037221500
36.31,06037221601
38.13,06037221602
36.93,06037221710
41.01,06037221810
29.27,06037221820
21.11,06037221900
35.11,06037222001
36.5,06037222002
41.74,06037222100
39.15,06037222200
37.52,06037222500
29.03,06037222600
18.27,06037222700
25.53,06037224010
29.16,06037224020
33.95,06037224200
33.48,06037224310
41.52,06037224320
35.99,06037224410
33.99,06037224420
36.7,06037224600
21.3,06037224701
17.92,06037224702
34.81,06037226001
36.84,06037226002
37.91,06037226410
33.83,06037226420
44.08,06037226701
31.88,06037226702
35.27,06037227010
34.49,06037227020
34.2,06037228100
37.14,06037228210
31.69,06037228220
36.06,06037228310
41.36,06037228320
36.51,06037228410
40.01,06037228420
41.24,06037228500
44.32,06037228600
38.18,06037228710
33.98,06037228720
42.23,06037228800
37.8,06037228900
36.7,06037229100
40.01,06037229200
38.57,06037229300
36.28,06037229410
35.19,06037229420
34.17,06037231100
38.27,06037231210
36.47,06037231220
38.82,06037231301
39.88,06037231302
40.5,06037231400
33.78,06037231500
30.95,06037231601
32.53,06037231602
37.4,06037231603
37.94,06037231710
36.86,06037231720
38.26,06037231800
38.86,06037231901
40.87,06037231902
47.09,06037232110
35.65,06037232120
46.76,06037232200
42.04,06037232300
46.06,06037232401
44.0,06037232402
35.87,06037232500
46.99,06037232601
42.8,06037232602
35.21,06037232701
41.69,06037232702
35.27,06037232800
43.66,06037234001
38.41,06037234002
37.8,06037234200
31.8,06037234301
36.74,06037234302
36.02,06037234501
36.65,06037234502
35.07,06037234600
37.39,06037234700
43.88,06037234800
43.44,06037234901
47.12,06037234902
38.79,06037235100
38.72,06037235201
42.54,06037235202
33.45,06037236001
39.73,06037236101
34.53,06037236102
36.36,06037236203
35.54,06037236204
40.3,06037236205
47.19,06037236206
39.17,06037236400
39.08,06037237101
32.68,06037237102
32.39,06037237201
42.93,06037237202
37.19,06037237300
43.46,06037237401
36.96,06037237402
41.57,06037237500
43.43,06037237600
43.18,06037237710
38.89,06037237720
39.18,06037237800
41.19,06037237900
34.61,06037238000
36.69,06037238100
36.39,06037238200
38.5,06037238310
46.56,06037238320
34.85,06037238400
43.14,06037239201
46.29,06037239202
39.87,06037239310
41.48,06037239320
38.18,06037239330
43.17,06037239501
39.15,06037239502
39.84,06037239601
45.2,06037239602
37.23,06037239701
41.32,06037239702
39.59,06037239801
40.74,06037239802
41.13,06037240010
34.88,06037240020
34.84,06037240200
41.19,06037240301
43.64,06037240302
42.99,06037240401
37.93,06037240402
37.17,06037240500
37.28,06037240600
39.6,06037240700
45.7,06037240800
38.9,06037240901
28.11,06037240902
34.39,06037241001
36.15,06037241002
35.38,06037241110
45.61,06037241120
34.8,06037241201
33.85,06037241202
33.02,06037241300
28.73,06037241400
29.64,06037242000
47.87,06037242100
40.49,06037242201
48.93,06037242202
43.1,06037242300
36.81,06037242600
42.28,06037242700
30.88,06037243001
44.67,06037243002
33.72,06037243100
27.74,06037261102
27.67,06037261103
26.97,06037261104
37.52,06037261200
27.07,06037262100
31.41,06037262200
27.0,06037262301
26.01,06037262302
24.97,06037262303
25.58,06037262400
28.73,06037262501
36.51,06037262601
25.74,06037262604
28.04,06037262704
29.62,06037262706
26.98,06037262802
20.32,06037264000
24.49,06037264102
22.87,06037264103
26.39,06037264303
26.97,06037264304
28.07,06037264305
29.12,06037264306
27.64,06037265100
24.44,06037265201
21.16,06037265203
34.18,06037265204
16.06,06037265301
22.57,06037265303
20.66,06037265304
17.6,06037265306
23.16,06037265307
27.58,06037265410
19.31,06037265420
19.42,06037265521
22.59,06037265522
22.5,06037265523
22.96,06037265524
24.45,06037265601
29.65,06037265602
26.02,06037265701
28.84,06037265702
32.11,06037267101
23.95,06037267102
25.88,06037267201
26.72,06037267202
27.9,06037267300
20.87,06037267403
26.35,06037267404
26.75,06037267405
23.86,06037267406
24.44,06037267502
22.78,06037267503
26.8,06037267504
29.39,06037267600
26.92,06037267700
25.81,06037267800
22.87,06037267901
23.52,06037267902
28.62,06037269000
28.83,06037269100
26.73,06037269300
26.67,06037269500
29.88,06037269601
29.24,06037269602
31.02,06037269700
30.42,06037269800
34.38,06037269903
26.97,06037269905
29.81,06037269906
28.02,06037269907
29.67,06037269908
38.48,06037269909
34.6,06037270101
27.21,06037270102
31.26,06037270200
26.78,06037270300
27.69,06037271100
25.14,06037271200
28.52,06037271300
28.76,06037271400
24.4,06037271500
28.85,06037271600
25.52,06037271702
29.83,06037271703
23.49,06037271704
26.52,06037271801
32.89,06037271803
29.59,06037271804
25.7,06037271901
28.33,06037271902
29.65,06037272100
30.91,06037272201
31.23,06037272202
26.33,06037272301
32.13,06037272302
23.6,06037273100
28.85,06037273200
34.55,06037273300
27.64,06037273403
39.11,06037273404
27.45,06037273502
25.6,06037273600
23.96,06037273700
28.14,06037273800
27.98,06037273902
39.0,06037274100
31.94,06037274202
29.81,06037275101
31.18,06037275102
29.42,06037275200
28.77,06037275311
31.5,06037275312
24.46,06037275313
36.98,06037275400
35.07,06037275500
31.39,06037275603
35.3,06037275604
30.45,06037275605
31.13,06037276000
26.41,06037276101
32.55,06037276102
32.63,06037276400
20.04,06037276500
32.02,06037276601
30.04,06037276605
34.49,06037276606
26.58,06037276607
26.9,06037276608
31.23,06037277000
37.48,06037277100
37.63,06037277200
0.0,06037277400
37.32,06037278001
30.03,06037278102
34.07,06037291110
30.73,06037291120
36.06,06037291130
23.84,06037291210
32.91,06037291220
39.49,06037291300
30.22,06037292001
28.25,06037292002
27.82,06037293203
35.86,06037293204
26.29,06037293205
32.99,06037293206
30.91,06037293301
26.09,06037293302
29.16,06037293304
34.66,06037293306
35.42,06037293307
27.5,06037294110
26.4,06037294120
27.84,06037294200
28.73,06037294301
25.44,06037294302
29.87,06037294410
28.22,06037294421
31.35,06037294510
29.12,06037294520
28.44,06037294610
29.71,06037294620
35.51,06037294701
27.79,06037294810
28.63,06037294820
30.56,06037294830
32.79,06037294900
30.85,06037295103
29.1,06037296210
35.63,06037296220
38.33,06037296300
32.07,06037296401
34.66,06037296402
31.32,06037296500
32.91,06037296600
35.87,06037296901
34.97,06037296902
34.39,06037297001
27.67,06037297002
29.63,06037297110
34.86,06037297120
28.48,06037297201
35.82,06037297202
40.74,06037297300
29.56,06037297400
30.87,06037297501
35.51,06037297502
37.14,06037297601
44.13,06037297602
38.49,06037300100
33.38,06037300200
32.59,06037300301
29.43,06037300400
33.53,06037300501
26.03,06037300503
34.87,06037300601
22.26,06037300602
31.72,06037300701
28.0,06037300702
30.72,06037300800
33.04,06037300901
28.24,06037300902
29.92,06037301000
35.78,06037301100
25.88,06037301203
28.98,06037301204
31.08,06037301205
28.86,06037301206
25.02,06037301300
34.8,06037301400
36.99,06037301501
29.65,06037301502
27.73,06037301601
26.82,06037301602
25.92,06037301701
27.47,06037301702
29.9,06037301801
37.21,06037301802
25.76,06037301901
25.4,06037301902
26.87,06037302002
31.14,06037302003
25.45,06037302004
34.15,06037302102
30.4,06037302103
31.96,06037302104
29.28,06037302201
27.92,06037302202
31.18,06037302301
29.57,06037302302
29.61,06037302401
31.3,06037302503
32.3,06037302504
34.54,06037302505
28.73,06037302506
29.0,06037310100
29.64,06037310201
34.53,06037310202
26.73,06037310300
32.9,06037310400
31.37,06037310501
30.41,06037310601
33.01,06037310602
30.31,06037310701
29.04,06037310703
26.66,06037310704
27.07,06037310705
28.81,06037310800
29.08,06037310900
28.81,06037311000
29.54,06037311100
25.65,06037311200
26.09,06037311300
33.76,06037311400
25.84,06037311500
25.56,06037311601
28.08,06037311602
24.84,06037311700
30.34,06037311801
34.07,06037311802
35.13,06037320101
35.09,06037320102
27.29,06037320201
33.87,06037320202
30.39,06037320300
31.92,06037400205
35.2,06037400206
33.13,06037400207
26.16,06037400208
39.15,06037400209
34.74,06037400304
35.88,06037400402
39.19,06037400403
33.73,06037400404
33.68,06037400501
40.35,06037400602
36.48,06037400603
35.12,06037400605
31.62,06037400801
42.72,06037401001
35.28,06037401002
32.1,06037401101
31.53,06037401102
40.97,06037401201
34.56,06037401202
37.8,06037401203
34.23,06037401303
32.66,06037401304
33.45,06037401311
38.64,06037401312
27.69,06037401500
42.59,06037401601
37.44,06037401602
33.58,06037401705
34.5,06037401706
33.41,06037401707
31.73,06037401801
29.78,06037401802
13.96,06037401901
30.18,06037401902
31.19,06037402001
32.25,06037402002
35.78,06037402101
32.32,06037402102
31.46,06037402200
35.94,06037402301
32.41,06037402303
34.37,06037402304
29.77,06037402403
14.97,06037402404
32.58,06037402405
40.59,06037402406
35.52,06037402501
36.65,06037402503
34.51,06037402504
38.31,06037402601
41.46,06037402602
32.35,06037402702
38.3,06037402703
36.92,06037402705
35.37,06037402706
32.04,06037402801
34.35,06037402803
28.82,06037402804
34.65,06037402902
43.02,06037402903
32.23,06037402904
30.0,06037403000
37.71,06037403305
39.67,06037403316
38.51,06037403317
35.14,06037403318
33.32,06037403319
40.06,06037403320
37.56,06037403321
34.45,06037403323
34.76,06037403324
41.97,06037403325
33.42,06037403326
37.78,06037403327
41.52,06037403328
36.92,06037403401
37.15,06037403402
33.36,06037403403
31.77,06037403404
37.52,06037403407
43.24,06037403408
36.39,06037403409
40.29,06037403500
40.05,06037403601
32.65,06037403702
38.08,06037403703
34.65,06037403721
34.72,06037403722
31.89,06037403801
37.4,06037403802
40.5,06037403901
33.02,06037403902
38.87,06037404000
38.64,06037404100
33.38,06037404201
33.17,06037404203
30.11,06037404301
40.01,06037404302
28.58,06037404401
34.43,06037404402
30.32,06037404501
37.12,06037404503
31.04,06037404504
30.14,06037404600
33.71,06037404701
36.34,06037404702
38.91,06037404703
29.71,06037404804
26.79,06037404805
30.53,06037404806
24.69,06037404901
35.12,06037404902
36.23,06037404903
29.66,06037405001
37.25,06037405002
30.43,06037405101
34.81,06037405102
36.33,06037405201
27.98,06037405202
31.81,06037405203
28.85,06037405301
30.38,06037405302
33.87,06037405400
38.26,06037405500
37.87,06037405600
29.67,06037405701
34.11,06037405702
35.24,06037405800
34.01,06037405900
38.82,06037406000
36.17,06037406101
35.11,06037406103
34.24,06037406201
34.25,06037406300
31.21,06037406413
37.49,06037406500
37.43,06037406601
36.22,06037406602
37.46,06037406701
34.94,06037406702
37.03,06037406801
31.61,06037406903
37.89,06037407001
35.24,06037407002
29.2,06037407101
34.59,06037407102
36.68,06037407201
35.19,06037407202
36.46,06037407301
33.56,06037407302
34.11,06037407400
34.05,06037407501
41.56,06037407502
30.44,06037407601
38.89,06037407602
36.97,06037407701
32.88,06037407702
31.81,06037407801
33.36,06037407802
37.7,06037407901
40.58,06037407902
34.05,06037408003
37.99,06037408004
44.49,06037408005
38.87,06037408006
34.89,06037408133
37.29,06037408134
35.69,06037408135
40.84,06037408136
33.69,06037408137
33.54,06037408138
33.49,06037408139
27.39,06037408140
28.16,06037408141
32.73,06037408212
35.4,06037408213
34.79,06037408301
38.69,06037408302
33.02,06037408303
29.65,06037408401
37.05,06037408402
39.84,06037408503
37.59,06037408504
29.43,06037408505
38.61,06037408623
32.62,06037408624
43.39,06037408625
31.89,06037408626
37.56,06037408627
37.83,06037408628
36.72,06037408629
37.73,06037408631
40.84,06037408703
36.3,06037408705
38.54,06037408707
41.79,06037408722
30.96,06037408724
38.7,06037408725
30.61,06037408800
35.2,06037408900
39.53,06037409000
39.22,06037409100
31.93,06037430003
36.06,06037430004
33.61,06037430005
36.16,06037430101
30.75,06037430102
38.66,06037430200
33.65,06037430301
34.91,06037430302
33.96,06037430400
33.76,06037430501
31.87,06037430502
30.99,06037430600
29.47,06037430701
35.17,06037430721
29.36,06037430723
36.96,06037430724
32.54,06037430801
34.71,06037430802
33.43,06037430803
31.73,06037430901
32.5,06037430902
32.84,06037431002
36.27,06037431003
33.02,06037431004
32.27,06037431100
30.14,06037431200
37.65,06037431300
35.14,06037431400
36.3,06037431501
30.37,06037431502
32.34,06037431600
31.87,06037431701
30.33,06037431800
32.8,06037431900
33.4,06037432001
36.71,06037432002
33.6,06037432101
35.61,06037432102
27.43,06037432201
29.02,06037432202
28.56,06037432300
31.82,06037432401
31.2,06037432402
30.71,06037432501
32.67,06037432502
31.95,06037432601
33.66,06037432602
32.87,06037432700
32.76,06037432801
39.85,06037432802
29.35,06037432901
31.58,06037432902
33.63,06037433103
31.48,06037433200
36.61,06037433302
28.58,06037433304
26.82,06037433305
36.25,06037433306
33.56,06037433307
24.26,06037433402
24.59,06037433403
30.04,06037433505
29.18,06037433506
28.96,06037433601
33.9,06037433602
29.08,06037433803
27.14,06037433804
31.11,06037433901
34.14,06037433903
35.76,06037434001
32.01,06037434003
33.17,06037434004
31.51,06037434100
32.42,06037460001
34.78,06037460002
29.31,06037460101
29.61,06037460200
34.94,06037460301
34.69,06037460302
35.88,06037460401
35.06,06037460501
27.67,06037460502
30.25,06037460601
30.12,06037460700
34.33,06037460800
26.19,06037460900
29.06,06037461000
26.5,06037461100
29.65,06037461200
26.25,06037461300
31.76,06037461400
39.04,06037461501
30.14,06037461502
25.37,06037461600
27.0,06037461700
33.56,06037461901
33.43,06037461902
41.01,06037462001
33.51,06037462002
31.12,06037462100
26.79,06037462201
28.6,06037462202
27.93,06037462301
28.83,06037462302
30.7,06037462400
29.77,06037462500
33.24,06037462600
26.81,06037462700
28.15,06037462800
23.97,06037462900
30.47,06037463000
29.68,06037463103
28.06,06037463200
33.44,06037463300
35.51,06037463400
26.65,06037463500
24.77,06037463601
27.45,06037463602
30.81,06037463700
28.82,06037463800
25.69,06037463900
33.24,06037464000
27.3,06037464101
26.8,06037464102
35.87,06037464200
34.61,06037480002
27.9,06037480011
34.21,06037480012
29.71,06037480101
35.41,06037480102
36.87,06037480201
30.23,06037480202
33.8,06037480302
35.61,06037480303
30.48,06037480304
34.7,06037480400
30.01,06037480500
33.98,06037480601
35.32,06037480602
34.75,06037480702
31.29,06037480703
33.54,06037480704
29.85,06037480802
35.08,06037480803
32.44,06037480804
30.46,06037480901
36.34,06037480902
31.24,06037480903
29.46,06037481001
28.41,06037481002
35.77,06037481101
29.76,06037481102
34.68,06037481103
36.69,06037481201
35.19,06037481203
35.39,06037481300
29.1,06037481401
27.95,06037481403
34.49,06037481404
42.15,06037481500
33.09,06037481603
38.83,06037481604
35.94,06037481605
30.04,06037481606
33.53,06037481711
25.91,06037481712
31.8,06037481713
28.68,06037481714
36.09,06037481800
33.44,06037481901
36.57,06037481902
33.05,06037482001
30.74,06037482002
31.8,06037482101
36.06,06037482102
36.12,06037482201
32.88,06037482202
31.36,06037482301
28.31,06037482303
30.59,06037482304
31.7,06037482401
32.48,06037482403
32.63,06037482404
30.21,06037482502
31.94,06037482503
31.21,06037482521
30.22,06037482522
34.68,06037482600
31.62,06037482701
32.33,06037482702
32.09,06037482801
41.18,06037500100
39.57,06037500202
32.19,06037500203
36.02,06037500204
33.56,06037500300
32.12,06037500402
41.24,06037500403
40.04,06037500404
31.6,06037500500
32.29,06037500600
35.2,06037500700
36.92,06037500800
28.85,06037500900
33.12,06037501001
33.29,06037501002
36.44,06037501200
38.21,06037501301
35.18,06037501302
42.49,06037501400
41.45,06037501501
32.85,06037501503
34.88,06037501504
35.86,06037501600
39.0,06037501700
39.09,06037501802
37.92,06037501803
36.39,06037501804
39.15,06037501900
33.73,06037502003
32.69,06037502004
35.51,06037502005
31.68,06037502100
36.9,06037502200
35.42,06037502303
30.45,06037502401
30.71,06037502402
38.29,06037502500
31.92,06037502602
30.78,06037502603
34.84,06037502604
27.61,06037502700
36.81,06037502801
35.99,06037502901
41.38,06037503000
32.35,06037503103
29.14,06037503104
30.62,06037503105
33.7,06037503106
36.23,06037503201
39.98,06037503202
31.31,06037503301
36.29,06037503302
41.81,06037503401
34.48,06037503402
32.68,06037503501
34.28,06037503502
37.23,06037503601
33.85,06037503602
37.22,06037503701
37.18,06037503702
35.85,06037503704
39.75,06037503705
36.18,06037503801
38.91,06037503802
35.25,06037503901
40.56,06037503902
26.87,06037504001
31.18,06037504002
31.43,06037504101
40.43,06037504200
38.55,06037530005
38.9,06037530006
33.21,06037530007
32.86,06037530101
26.72,06037530102
34.31,06037530202
33.93,06037530203
39.52,06037530204
31.37,06037530301
33.02,06037530302
25.0,06037530400
32.25,06037530500
42.19,06037530603
41.84,06037530700
37.27,06037530801
30.31,06037530802
28.74,06037530901
37.66,06037530902
35.8,06037531000
30.28,06037531101
31.28,06037531102
34.96,06037531201
32.93,06037531202
34.74,06037531301
27.09,06037531302
34.61,06037531502
34.41,06037531503
37.63,06037531504
29.44,06037531602
36.17,06037531603
31.07,06037531604
32.94,06037531701
35.19,06037531702
29.82,06037531800
31.31,06037531901
31.57,06037531902
31.71,06037532001
27.5,06037532002
33.21,06037532101
34.45,06037532102
34.3,06037532200
30.61,06037532302
26.28,06037532303
34.8,06037532304
34.58,06037532500
32.5,06037532605
41.0,06037532606
35.55,06037532607
41.45,06037532700
40.0,06037532800
42.16,06037532900
39.76,06037533001
32.16,06037533002
34.8,06037533103
31.67,06037533104
33.17,06037533105
40.44,06037533108
36.46,06037533201
31.16,06037533204
36.18,06037533300
28.75,06037533401
35.61,06037533402
36.94,06037533403
27.21,06037533501
31.02,06037533504
34.08,06037533601
32.77,06037533602
31.05,06037533603
35.4,06037533701
33.85,06037533702
31.45,06037533703
37.2,06037533803
35.16,06037533804
35.24,06037533805
35.12,06037533806
31.47,06037533901
35.28,06037533902
29.98,06037534001
31.02,06037534002
27.76,06037534101
31.56,06037534102
33.66,06037534201
30.83,06037534202
31.22,06037534203
36.89,06037534301
32.06,06037534302
39.58,06037534403
35.33,06037534404
39.68,06037534405
34.31,06037534406
39.38,06037534501
34.44,06037534502
37.84,06037534700
35.9,06037534802
38.1,06037534803
40.93,06037534804
31.53,06037534900
43.83,06037535001
37.64,06037535002
33.61,06037535101
43.54,06037535102
31.66,06037535200
34.48,06037535300
37.2,06037535400
33.14,06037535501
43.11,06037535502
32.72,06037535503
37.52,06037535603
32.84,06037535604
39.51,06037535605
32.07,06037535606
39.76,06037535607
40.13,06037535701
34.87,06037535702
33.1,06037535802
34.64,06037535803
32.76,06037535804
35.15,06037535901
34.13,06037535902
30.75,06037536000
38.26,06037536102
36.79,06037536103
30.47,06037536104
38.67,06037536201
29.34,06037536202
32.9,06037540000
37.35,06037540101
35.49,06037540102
34.86,06037540201
30.47,06037540202
33.11,06037540203
38.65,06037540300
33.41,06037540400
36.38,06037540501
30.45,06037540502
35.94,06037540600
32.75,06037540700
40.42,06037540800
32.43,06037540901
28.85,06037540902
33.43,06037541003
33.87,06037541100
32.66,06037541200
40.68,06037541300
31.32,06037541401
37.31,06037541402
37.52,06037541500
31.82,06037541603
31.01,06037541604
34.21,06037541605
35.91,06037541606
37.02,06037541700
30.17,06037541801
29.81,06037541802
31.63,06037542000
37.31,06037542103
34.33,06037542104
34.97,06037542105
30.83,06037542106
34.03,06037542200
34.25,06037542401
30.34,06037542402
30.77,06037542501
32.49,06037542502
31.22,06037542601
34.19,06037542602
35.71,06037542700
33.75,06037542800
29.82,06037542900
26.88,06037543000
30.06,06037543100
35.28,06037543201
33.58,06037543203
31.34,06037543304
33.81,06037543305
27.94,06037543306
30.09,06037543321
23.45,06037543322
26.84,06037543400
32.51,06037543501
29.92,06037543502
29.27,06037543503
26.48,06037543601
32.31,06037543603
27.1,06037543605
26.86,06037543606
28.65,06037543607
33.37,06037543701
27.66,06037543703
29.38,06037543704
34.5,06037543705
31.21,06037543801
27.48,06037543803
30.27,06037543804
26.72,06037543903
29.34,06037543905
29.21,06037544001
27.69,06037544002
29.0,06037550101
29.49,06037550201
31.9,06037550202
31.46,06037550301
34.69,06037550501
29.99,06037550502
35.9,06037550601
33.1,06037550602
32.03,06037550700
39.15,06037550801
31.79,06037550802
42.62,06037550901
38.0,06037550902
28.17,06037551001
37.23,06037551002
35.75,06037551101
33.61,06037551102
26.91,06037551201
31.22,06037551203
30.55,06037551204
32.32,06037551300
36.9,06037551401
33.59,06037551402
30.76,06037551501
36.86,06037551502
33.64,06037551700
41.52,06037551801
29.63,06037551802
34.51,06037551900
35.86,06037552001
33.33,06037552002
29.24,06037552100
29.49,06037552200
34.94,06037552301
42.31,06037552302
32.84,06037552400
34.32,06037552601
29.75,06037552602
30.18,06037552700
34.37,06037552800
28.74,06037552900
35.3,06037553000
33.49,06037553100
33.82,06037553201
33.45,06037553202
29.84,06037553300
31.46,06037553400
36.79,06037553502
29.15,06037553503
33.96,06037553504
28.7,06037553601
32.88,06037553602
30.74,06037553701
29.8,06037553702
30.92,06037553801
32.18,06037553802
34.13,06037553901
26.44,06037553902
31.85,06037554001
33.66,06037554002
30.41,06037554101
35.63,06037554105
30.51,06037554106
32.48,06037554201
31.69,06037554203
30.99,06037554204
29.36,06037554301
38.52,06037554302
27.48,06037554403
33.19,06037554404
31.3,06037554405
33.15,06037554406
34.62,06037554511
40.66,06037554512
34.11,06037554513
32.74,06037554514
35.93,06037554515
38.69,06037554516
32.98,06037554517
38.2,06037554518
35.45,06037554519
36.46,06037554521
35.74,06037554522
33.39,06037554600
28.18,06037554700
30.91,06037554801
26.51,06037554802
28.97,06037554900
32.36,06037555001
30.6,06037555002
32.33,06037555105
30.25,06037555106
32.15,06037555107
31.3,06037555202
29.04,06037555211
30.56,06037555212
31.76,06037555300
33.51,06037570001
34.77,06037570002
34.66,06037570003
40.28,06037570100
31.61,06037570202
32.13,06037570203
33.44,06037570204
29.01,06037570303
32.91,06037570304
35.68,06037570305
35.83,06037570306
34.95,06037570402
25.86,06037570403
31.4,06037570404
36.63,06037570502
39.55,06037570503
39.17,06037570504
31.28,06037570601
30.77,06037570602
33.63,06037570603
30.94,06037570701
29.84,06037570703
32.2,06037570800
27.44,06037570901
32.9,06037570902
29.16,06037571000
29.46,06037571101
38.13,06037571102
34.67,06037571201
35.57,06037571202
31.52,06037571300
31.11,06037571400
35.97,06037571502
31.45,06037571504
33.64,06037571505
30.25,06037571600
35.99,06037571701
30.57,06037571703
29.28,06037571704
35.78,06037571800
33.58,06037571900
38.03,06037572001
29.83,06037572201
36.56,06037572202
30.67,06037572301
27.43,06037572500
30.1,06037572600
30.29,06037572700
37.45,06037573002
28.61,06037573003
34.33,06037573004
37.2,06037573101
36.4,06037573102
33.59,06037573201
35.05,06037573202
29.94,06037573300
30.9,06037573401
38.33,06037573402
30.19,06037573403
29.83,06037573601
32.53,06037573700
29.25,06037573800
26.89,06037573902
32.48,06037574000
31.5,06037574100
32.93,06037574201
37.69,06037574202
30.49,06037574300
30.88,06037574400
32.24,06037574500
38.09,06037574602
36.91,06037574800
28.38,06037574901
31.71,06037574902
33.86,06037575001
32.11,06037575002
37.93,06037575101
27.97,06037575102
32.68,06037575103
31.92,06037575201
27.19,06037575202
33.46,06037575300
33.37,06037575401
29.19,06037575402
27.86,06037575801
25.94,06037575802
38.87,06037575803
35.63,06037575901
31.18,06037575902
29.65,06037576001
33.74,06037576200
35.0,06037576301
31.6,06037576302
30.49,06037576401
32.4,06037576402
34.68,06037576403
29.58,06037576501
31.6,06037576502
31.61,06037576503
35.8,06037576601
34.82,06037576602
37.31,06037576700
39.42,06037576801
34.94,06037576802
32.48,06037576901
32.59,06037576903
32.62,06037576904
34.16,06037577000
32.0,06037577100
33.81,06037577200
39.23,06037577300
35.31,06037577400
33.44,06037577501
33.08,06037577504
32.74,06037577602
40.24,06037577604
34.28,06037577605
28.05,06037577606
28.3,06037577700
31.35,06037577800
32.0,06037577900
28.84,06037578000
14.21,06037578100
11.53,06037599000
9.13,06037599100
37.22,06037600100
38.12,06037600201
42.15,06037600202
40.11,06037600302
38.09,06037600303
36.37,06037600304
32.23,06037600400
36.19,06037600501
35.97,06037600601
36.68,06037600602
37.43,06037600702
43.61,06037600703
37.65,06037600704
39.17,06037600801
39.26,06037600802
33.1,06037600902
34.63,06037600911
34.75,06037600912
29.56,06037601001
35.02,06037601002
31.47,06037601100
37.39,06037601202
30.47,06037601211
28.87,06037601212
29.7,06037601301
30.58,06037601302
35.54,06037601303
36.21,06037601401
31.79,06037601402
28.24,06037601501
30.9,06037601502
34.5,06037601600
34.42,06037601700
26.08,06037601801
31.11,06037601802
42.37,06037601900
33.67,06037602002
35.18,06037602003
33.4,06037602103
32.4,06037602104
33.92,06037602105
27.48,06037602106
25.74,06037602201
26.02,06037602202
30.47,06037602301
26.55,06037602302
30.29,06037602402
36.47,06037602403
30.56,06037602404
27.18,06037602504
30.27,06037602505
34.83,06037602506
32.28,06037602507
37.22,06037602510
39.65,06037602511
25.64,06037602512
25.72,06037602513
40.21,06037602601
28.5,06037602602
34.44,06037602700
24.95,06037602801
36.01,06037602802
28.11,06037602900
28.91,06037603004
26.62,06037603005
29.71,06037603006
34.27,06037603007
32.53,06037603008
28.06,06037603101
30.83,06037603102
27.62,06037603200
30.8,06037603301
32.59,06037603302
31.83,06037603400
34.48,06037603500
33.3,06037603600
30.79,06037603702
29.59,06037603703
28.67,06037603705
29.08,06037603706
26.75,06037603801
28.05,06037603802
27.37,06037603901
24.68,06037603902
25.71,06037604001
29.43,06037604002
28.36,06037604101
31.63,06037604102
27.75,06037604200
30.38,06037609900
25.92,06037620001
27.32,06037620002
25.48,06037620101
27.83,06037620102
31.03,06037620201
24.4,06037620301
33.59,06037620303
31.26,06037620305
37.04,06037620400
28.15,06037620501
28.55,06037620521
30.27,06037620522
32.97,06037620601
24.93,06037620602
28.61,06037620701
32.7,06037620703
28.35,06037620704
32.47,06037620801
29.34,06037620802
33.87,06037620901
38.54,06037620904
30.69,06037621001
32.16,06037621005
29.38,06037621102
33.94,06037621104
29.36,06037621201
32.88,06037621204
30.25,06037621301
32.41,06037621324
36.16,06037621326
33.78,06037621400
32.21,06037650001
31.95,06037650003
27.68,06037650004
30.3,06037650101
26.25,06037650102
28.2,06037650200
23.68,06037650300
29.4,06037650401
26.52,06037650501
31.87,06037650502
28.61,06037650603
31.07,06037650604
32.04,06037650605
30.67,06037650606
33.87,06037650607
29.38,06037650701
35.38,06037650702
28.92,06037650801
26.14,06037650802
24.83,06037650901
24.59,06037650903
29.6,06037650904
25.5,06037651001
35.65,06037651002
27.79,06037651101
29.86,06037651102
30.35,06037651201
27.64,06037651221
38.55,06037651222
30.31,06037651302
38.26,06037651304
28.79,06037651401
31.75,06037651402
31.89,06037670001
32.99,06037670002
27.69,06037670003
28.25,06037670101
22.5,06037670102
32.39,06037670201
31.53,06037670202
34.49,06037670324
37.17,06037670326
32.92,06037670328
40.95,06037670405
32.45,06037670406
37.27,06037670407
37.87,06037670413
40.35,06037670416
35.17,06037670417
35.62,06037670418
32.47,06037670500
34.93,06037670603
46.47,06037670604
32.53,06037670701
29.07,06037670702
29.12,06037700101
36.08,06037700102
30.14,06037700200
30.08,06037700300
26.92,06037700400
31.44,06037700501
27.93,06037700502
27.05,06037700600
27.51,06037700700
29.14,06037700801
26.87,06037700802
27.15,06037700901
30.02,06037700902
22.7,06037701000
24.46,06037701201
28.09,06037701202
28.05,06037701302
32.04,06037701304
33.99,06037701402
30.43,06037701501
26.76,06037701502
26.62,06037701601
22.8,06037701602
25.56,06037701701
24.42,06037701702
23.03,06037701801
25.59,06037701802
25.08,06037701902
30.76,06037702002
36.53,06037702102
24.77,06037702201
28.56,06037702202
27.27,06037702300
31.77,06037702400
25.95,06037702501
30.49,06037702502
28.32,06037702600
29.41,06037702700
29.51,06037702801
31.02,06037702802
35.65,06037702803
34.71,06037702900
34.57,06037703002
27.59,06037703003
34.96,06037703100
38.22,06037703200
34.9,06037800101
35.55,06037800103
35.41,06037800104
43.73,06037800202
43.53,06037800204
29.63,06037800205
32.26,06037800206
35.0,06037800324
25.8,06037800325
39.74,06037800328
32.19,06037800333
26.54,06037800334
29.52,06037800335
37.06,06037800336
27.76,06037800337
31.89,06037800338
43.13,06037800406
21.12,06037800410
29.34,06037800411
34.78,06037800412
45.23,06037800504
34.83,06037800506
32.87,06037900102
42.62,06037900103
47.34,06037900104
34.41,06037900301
36.66,06037900501
41.01,06037900504
38.08,06037900505
34.9,06037900506
34.37,06037900508
30.83,06037900509
41.69,06037900510
31.34,06037900602
35.05,06037900606
30.33,06037900607
37.18,06037900608
35.08,06037900609
23.05,06037900610
34.45,06037900611
36.19,06037900701
34.12,06037900703
29.02,06037900704
20.1,06037900705
31.0,06037900804
29.32,06037900805
16.92,06037900806
45.66,06037900807
33.02,06037900808
27.34,06037900901
41.82,06037900902
0.0,06037901003
30.29,06037901007
26.9,06037901008
34.2,06037901009
32.66,06037901010
30.51,06037901011
33.27,06037901012
35.9,06037901013
25.86,06037901014
37.58,06037901101
38.51,06037901102
49.97,06037901209
50.93,06037901210
38.93,06037901214
47.71,06037901215
44.32,06037901216
37.89,06037901217
41.31,06037901218
34.05,06037901300
38.18,06037910002
37.48,06037910210
28.35,06037910211
28.84,06037910212
44.51,06037910213
36.99,06037910214
41.4,06037910215
34.4,06037910216
43.47,06037910217
32.84,06037910218
42.75,06037910301
47.1,06037910302
33.93,06037910401
51.2,06037910404
35.08,06037910405
38.29,06037910501
40.06,06037910502
43.32,06037910504
46.0,06037910505
43.46,06037910601
40.3,06037910602
47.77,06037910605
49.97,06037910606
53.37,06037910607
40.74,06037910608
45.43,06037910706
45.85,06037910707
50.03,06037910709
46.39,06037910712
48.52,06037910713
48.75,06037910714
56.53,06037910715
43.03,06037910716
47.46,06037910717
50.53,06037910718
58.62,06037910719
43.04,06037910720
42.35,06037910721
54.69,06037910804
43.41,06037910807
41.14,06037910808
41.18,06037910809
45.43,06037910810
39.93,06037910814
54.0,06037910815
40.29,06037911001
50.9,06037911100
40.4,06037920013
39.27,06037920015
38.8,06037920016
36.65,06037920017
40.79,06037920018
31.87,06037920020
34.19,06037920028
40.94,06037920029
40.7,06037920030
36.16,06037920031
46.01,06037920034
41.92,06037920035
35.09,06037920038
34.88,06037920039
46.59,06037920040
43.9,06037920041
44.47,06037920042
43.87,06037920043
40.73,06037920044
42.92,06037920045
42.95,06037920046
27.83,06037920047
44.03,06037920048
41.55,06037920049
55.2,06037920050
41.07,06037920102
34.1,06037920104
32.74,06037920106
45.6,06037920109
40.3,06037920110
31.25,06037920111
38.79,06037920112
34.79,06037920114
35.19,06037920115
34.1,06037920116
33.38,06037920118
38.92,06037920119
36.58,06037920120
36.45,06037920121
0.0,06037920200
39.07,06037920303
31.26,06037920312
33.83,06037920313
37.05,06037920314
31.45,06037920322
42.02,06037920326
34.77,06037920328
34.14,06037920329
38.4,06037920330
33.24,06037920331
27.7,06037920332
32.03,06037920334
40.97,06037920338
35.12,06037920339
25.42,06037920340
27.68,06037920341
32.14,06037920342
34.23,06037920343
48.13,06037930400
0.0,06037980001
0.0,06037980002
0.0,06037980003
0.0,06037980004
0.0,06037980005
0.0,06037980006
0.0,06037980007
18.25,06037980008
0.0,06037980009
23.6,06037980010
7.0,06037980011
0.0,06037980012
0.0,06037980013
7.0,06037980014
36.77,06037980015
31.48,06037980016
39.46,06037980017
0.0,06037980018
23.67,06037980019
0.0,06037980020
29.08,06037980021
0.0,06037980022
0.0,06037980023
43.44,06037980024
52.25,06037980025
0.0,06037980026
0.0,06037980028
0.0,06037980030
23.42,06037980031
0.0,06037980033
0.0,06037980034
37.37,06037980035
41.43,06037980036
0.0,06037980037
0.0,06037980038
0.0,06037980039
0.0,06037990100
0.0,06037990200
0.0,06037990300
