avg_vehicles_per_household,GEOID
1.74,06037101110
2.31,06037101122
1.86,06037101220
1.64,06037101221
1.55,06037101222
2.18,06037101300
1.91,06037101400
1.72,06037102103
2.17,06037102104
1.94,06037102105
2.17,06037102107
2.22,06037103101
1.86,06037103102
2.04,06037103201
2.63,06037103202
2.58,06037103300
2.03,06037103401
2.21,06037103402
2.82,06037104103
1.85,06037104105
2.2,06037104108
2.12,06037104124
2.62,06037104201
2.59,06037104203
2.69,06037104204
3.1,06037104310
2.24,06037104321
2.56,06037104322
2.19,06037104401
2.66,06037104403
2.23,06037104404
2.7,06037104500
2.24,06037104610
2.59,06037104620
1.87,06037104701
2.05,06037104703
2.05,06037104704
2.24,06037104821
1.77,06037104822
2.47,06037104823
2.98,06037104824
2.72,06037106010
2.86,06037106020
2.54,06037106111
2.48,06037106112
2.64,06037106113
2.03,06037106114
2.91,06037106403
2.11,06037106405
2.32,06037106406
1.33,06037106407
1.74,06037106408
2.59,06037106510
2.34,06037106520
2.28,06037106603
2.17,06037106604
2.05,06037106641
2.34,06037106642
2.46,06037106643
1.95,06037106645
2.26,06037106646
2.34,06037106648
2.74,06037106649
2.5,06037107010
2.25,06037107020
2.21,06037108101
2.19,06037108102
2.47,06037108103
2.3,06037108104
2.15,06037108202
2.24,06037108203
1.84,06037108204
1.91,06037109100
2.17,06037109200
2.46,06037109300
2.15,06037109400
2.42,06037109500
2.66,06037109601
2.37,06037109603
2.23,06037109604
2.19,06037109700
2.16,06037109800
2.17,06037111100
2.6,06037111201
2.05,06037111202
2.56,06037111204
2.08,06037111205
2.39,06037111206
2.0,06037111302
2.3,06037111303
1.6,06037111304
2.05,06037111401
1.49,06037111402
2.37,06037113101
2.66,06037113102
2.01,06037113211
2.17,06037113212
1.99,06037113213
2.13,06037113231
2.37,06037113232
1.77,06037113234
2.05,06037113235
2.23,06037113237
1.88,06037113238
1.3,06037113239
1.94,06037113301
2.15,06037113303
2.09,06037113322
1.7,06037113323
1.48,06037113324
2.24,06037113423
1.98,06037113424
1.64,06037113425
2.06,06037113426
1.51,06037113427
2.59,06037113428
2.13,06037115101
1.36,06037115103
1.45,06037115104
2.07,06037115202
1.45,06037115203
1.69,06037115204
1.82,06037115301
2.17,06037115302
1.87,06037115401
1.83,06037115403
2.22,06037115404
2.1,06037117101
2.53,06037117102
1.66,06037117201
1.8,06037117202
2.47,06037117301
2.06,06037117302
2.86,06037117303
2.53,06037117404
1.63,06037117405
1.44,06037117407
1.63,06037117408
1.69,06037117510
1.62,06037117520
1.68,06037117530
2.9,06037119001
2.7,06037119003
2.61,06037119004
2.62,06037119201
2.4,06037119202
1.64,06037119310
1.86,06037119320
1.29,06037119340
1.98,06037119341
1.98,06037119342
2.83,06037119400
2.5,06037119700
2.84,06037119801
2.65,06037119802
2.71,06037119900
2.04,06037120010
1.52,06037120020
1.48,06037120030
1.28,06037120103
1.47,06037120104
1.73,06037120105
1.54,06037120106
1.62,06037120107
1.62,06037120108
2.14,06037120300
1.76,06037120400
2.42,06037121010
1.9,06037121020
1.97,06037121101
2.27,06037121102
2.24,06037121210
2.58,06037121221
2.06,06037121222
1.97,06037121600
2.18,06037121801
2.26,06037121802
2.14,06037121900
2.18,06037122000
2.21,06037122120
1.92,06037122121
1.71,06037122122
2.52,06037122200
1.85,06037122410
2.14,06037122420
2.08,06037123010
2.33,06037123020
1.51,06037123103
1.57,06037123104
1.66,06037123203
1.68,06037123204
2.07,06037123205
1.66,06037123206
1.69,06037123301
1.87,06037123303
1.52,06037123304
1.55,06037123410
1.67,06037123420
1.45,06037123510
1.93,06037123520
1.7,06037123601
1.44,06037123602
1.66,06037123700
1.49,06037123800
1.68,06037123901
1.84,06037123902
1.62,06037124000
1.56,06037124102
2.17,06037124103
1.43,06037124104
1.57,06037124105
1.96,06037124201
1.58,06037124203
1.4,06037124204
1.61,06037124300
1.74,06037124400
1.69,06037124500
1.71,06037124600
1.56,06037124700
1.39,06037124902
1.42,06037124903
1.48,06037125101
1.71,06037125102
1.57,06037125200
1.42,06037125310
1.25,06037125321
1.04,06037125322
1.4,06037125402
1.23,06037125403
1.24,06037125404
1.34,06037125501
1.48,06037125502
1.6,06037125600
1.75,06037127102
1.44,06037127103
1.77,06037127104
1.59,06037127210
1.39,06037127220
1.83,06037127300
1.57,06037127400
1.32,06037127520
1.68,06037127603
1.32,06037127604
1.59,06037127605
1.69,06037127606
1.98,06037127711
1.45,06037127712
1.62,06037127803
1.43,06037127804
1.56,06037127805
1.65,06037127806
1.59,06037127910
1.91,06037127920
1.7,06037128101
1.74,06037128102
1.47,06037128210
1.49,06037128220
1.6,06037128302
1.32,06037128303
1.66,06037128400
1.48,06037128500
1.73,06037128601
1.59,06037128602
1.48,06037128703
1.65,06037128704
1.46,06037128801
1.27,06037128802
1.79,06037128910
1.36,06037131021
1.68,06037131022
2.24,06037131023
2.43,06037131024
2.15,06037131100
2.23,06037131200
2.36,06037131300
1.97,06037131400
2.37,06037131600
1.64,06037131701
2.3,06037131702
1.61,06037131801
2.25,06037131802
2.28,06037131900
1.77,06037132001
2.25,06037132002
1.8,06037132101
1.67,06037132102
1.49,06037132301
2.18,06037132302
2.2,06037132501
1.75,06037132502
1.78,06037132700
1.96,06037132900
2.04,06037133000
2.13,06037133101
1.52,06037133102
2.39,06037134001
2.02,06037134002
2.05,06037134101
1.67,06037134103
2.02,06037134104
2.43,06037134201
2.07,06037134302
2.06,06037134303
2.1,06037134304
1.47,06037134305
1.64,06037134306
2.15,06037134421
2.35,06037134422
1.95,06037134423
2.13,06037134424
1.33,06037134520
1.5,06037134521
1.84,06037134522
1.67,06037134710
1.95,06037134720
1.79,06037134801
1.97,06037134802
1.73,06037134901
1.97,06037134904
1.44,06037134905
1.56,06037134906
1.46,06037134907
2.07,06037135102
2.1,06037135111
1.54,06037135113
1.32,06037135115
1.04,06037135116
2.28,06037135201
2.13,06037135202
2.17,06037135204
1.86,06037135205
2.08,06037137000
1.46,06037137103
1.95,06037137104
1.4,06037137202
2.19,06037137203
2.25,06037137301
2.24,06037137302
1.92,06037137401
2.0,06037137402
1.72,06037137501
1.99,06037137502
2.45,06037137504
2.07,06037138000
1.84,06037139001
1.77,06037139200
2.26,06037139301
1.41,06037139302
1.26,06037139303
1.45,06037139401
2.46,06037139402
1.81,06037139502
1.38,06037139504
1.04,06037139505
1.3,06037139506
1.67,06037139600
1.93,06037139701
2.43,06037139703
1.98,06037139704
2.31,06037139705
2.2,06037139801
2.38,06037139802
1.31,06037141101
1.53,06037141102
1.42,06037141201
1.77,06037141202
1.32,06037141303
1.51,06037141304
1.59,06037141305
1.48,06037141306
1.81,06037141400
2.06,06037141500
1.87,06037141600
2.17,06037141700
1.64,06037143101
1.5,06037143102
1.53,06037143200
1.39,06037143301
1.64,06037143302
1.63,06037143401
1.8,06037143402
1.77,06037143500
1.46,06037143602
1.47,06037143603
1.37,06037143605
1.35,06037143606
1.68,06037143700
1.77,06037143801
1.83,06037143802
1.85,06037143901
1.64,06037143902
1.94,06037181000
2.29,06037181300
1.73,06037181400
2.06,06037181500
1.72,06037181600
1.79,06037183101
1.63,06037183103
1.91,06037183104
1.71,06037183220
1.77,06037183221
1.8,06037183222
1.9,06037183300
1.99,06037183401
1.86,06037183402
2.13,06037183510
1.88,06037183520
1.64,06037183610
1.86,06037183620
1.43,06037183701
1.96,06037183702
1.57,06037183810
1.58,06037183820
1.36,06037185101
1.81,06037185102
1.7,06037185202
1.71,06037185203
1.93,06037185204
1.65,06037185310
1.74,06037185320
1.84,06037186100
1.68,06037186201
1.64,06037186202
1.99,06037186203
1.82,06037186301
2.04,06037186302
1.85,06037186401
1.76,06037186403
1.85,06037186404
1.95,06037187101
1.77,06037187102
1.95,06037187200
1.8,06037187300
1.42,06037188100
1.32,06037188201
1.7,06037188202
1.68,06037188300
1.31,06037189101
1.38,06037189102
0.93,06037189201
1.62,06037189202
1.69,06037189300
1.67,06037189400
1.14,06037189501
0.9,06037189502
1.35,06037189600
1.23,06037189702
1.42,06037189703
1.71,06037189704
1.11,06037189801
1.26,06037189802
1.24,06037189903
1.07,06037189904
1.1,06037189905
1.21,06037189906
1.04,06037189907
0.89,06037190101
1.23,06037190102
0.83,06037190201
0.67,06037190202
1.08,06037190302
0.69,06037190303
0.94,06037190401
1.26,06037190402
0.92,06037190510
1.08,06037190520
0.84,06037190701
1.34,06037190702
0.88,06037190801
1.17,06037190802
0.96,06037190901
1.15,06037190902
1.05,06037191000
0.97,06037191110
1.17,06037191120
1.04,06037191201
0.91,06037191203
1.25,06037191204
1.21,06037191301
1.07,06037191302
1.07,06037191410
1.57,06037191420
1.36,06037191500
1.14,06037191610
1.06,06037191620
0.85,06037191710
0.97,06037191720
1.33,06037191810
1.32,06037191820
1.14,06037191901
1.46,06037191902
1.18,06037192001
1.47,06037192002
1.15,06037192300
1.49,06037192410
1.27,06037192420
1.53,06037192510
1.7,06037192520
1.29,06037192610
1.08,06037192620
1.26,06037192700
1.33,06037194101
1.88,06037194102
1.69,06037194200
1.88,06037194300
1.34,06037194401
1.14,06037194402
1.47,06037194500
1.6,06037195100
1.43,06037195201
1.73,06037195202
1.45,06037195300
1.35,06037195400
1.35,06037195500
1.5,06037195600
1.21,06037195710
1.5,06037195720
1.51,06037195802
1.46,06037195803
1.54,06037195804
1.21,06037195901
1.43,06037195902
1.57,06037195903
1.63,06037197200
1.56,06037197300
1.68,06037197410
1.64,06037197420
1.43,06037197500
1.39,06037197600
1.31,06037197700
1.65,06037199001
1.55,06037199002
1.62,06037199110
1.45,06037199120
1.48,06037199201
1.48,06037199202
1.52,06037199300
1.61,06037199400
1.43,06037199700
1.85,06037199801
1.68,06037199802
1.24,06037199900
2.08,06037201110
2.21,06037201120
2.11,06037201200
1.86,06037201301
1.58,06037201302
1.74,06037201401
1.83,06037201402
1.97,06037201501
1.81,06037201503
1.96,06037201504
2.14,06037201601
2.01,06037201602
1.79,06037201700
1.76,06037203100
1.61,06037203200
1.25,06037203300
1.62,06037203500
1.18,06037203601
1.34,06037203602
2.01,06037203710
1.78,06037203720
1.86,06037203800
1.77,06037203900
1.54,06037204110
1.87,06037204120
1.34,06037204200
1.45,06037204300
1.51,06037204410
1.06,06037204420
1.76,06037204600
1.86,06037204700
1.78,06037204810
1.84,06037204820
1.7,06037204910
1.92,06037204920
1.46,06037205110
1.38,06037205120
1.13,06037206010
1.47,06037206020
1.2,06037206050
1.38,06037206051
1.34,06037206052
1.12,06037206053
1.62,06037206054
1.1,06037206201
0.54,06037206202
0.23,06037206301
0.15,06037206302
0.12,06037206303
1.08,06037207101
1.08,06037207102
1.12,06037207103
0.66,06037207303
0.41,06037207304
0.93,06037207305
0.76,06037207306
0.43,06037207307
0.92,06037207308
1.29,06037207400
1.24,06037207501
0.67,06037207502
1.05,06037207711
0.84,06037207712
0.98,06037207901
1.01,06037207902
1.3,06037208001
1.28,06037208002
0.99,06037208301
1.14,06037208302
0.94,06037208401
1.4,06037208402
1.47,06037208501
1.08,06037208502
1.59,06037208610
1.37,06037208620
1.21,06037208710
0.88,06037208720
0.85,06037208801
0.79,06037208802
0.6,06037208902
0.79,06037208903
0.43,06037208904
0.7,06037209103
0.64,06037209104
0.68,06037209105
0.92,06037209106
1.05,06037209201
1.12,06037209202
0.81,06037209300
0.42,06037209401
0.66,06037209402
0.65,06037209403
1.13,06037209510
0.67,06037209520
1.08,06037209810
1.31,06037209820
0.89,06037210010
1.87,06037211000
1.29,06037211121
1.13,06037211122
0.88,06037211123
1.17,06037211124
1.14,06037211201
0.98,06037211202
1.08,06037211310
1.03,06037211320
1.25,06037211410
1.33,06037211420
1.41,06037211500
1.59,06037211701
1.06,06037211703
0.94,06037211704
1.03,06037211802
1.13,06037211803
0.99,06037211804
0.84,06037211910
0.85,06037211921
1.02,06037211922
0.94,06037212101
0.94,06037212102
0.99,06037212202
0.76,06037212203
0.99,06037212204
0.86,06037212303
0.7,06037212304
1.03,06037212305
1.16,06037212306
1.03,06037212410
0.92,06037212420
1.02,06037212501
0.85,06037212502
1.39,06037212610
1.14,06037212620
1.63,06037212701
1.56,06037212702
1.46,06037212800
1.2,06037212900
1.56,06037213100
1.04,06037213201
1.26,06037213202
1.46,06037213310
1.11,06037213320
1.17,06037213401
1.07,06037213402
1.49,06037214000
1.51,06037214100
1.2,06037214400
1.26,06037214501
1.31,06037214503
1.25,06037214504
1.33,06037214505
1.29,06037214600
1.45,06037214700
1.25,06037214800
1.33,06037214902
1.06,06037214903
1.35,06037214904
1.14,06037215101
1.09,06037215102
1.91,06037216100
1.41,06037216201
1.51,06037216202
1.76,06037216301
1.37,06037216302
1.4,06037216401
1.38,06037216402
1.47,06037216700
1.59,06037216800
1.43,06037216901
1.3,06037216902
1.65,06037217001
1.58,06037217002
1.43,06037217101
1.44,06037217102
1.37,06037217200
1.31,06037218110
1.39,06037218120
1.5,06037218210
1.63,06037218220
1.66,06037218300
1.75,06037218400
1.59,06037218500
1.73,06037218600
1.46,06037218701
1.51,06037218702
1.57,06037218800
1.36,06037218900
1.88,06037219010
1.73,06037219020
1.55,06037219300
1.61,06037219500
1.91,06037219700
1.65,06037219800
1.42,06037219901
1.71,06037219902
1.29,06037220000
1.48,06037220100
1.1,06037221110
1.34,06037221120
1.77,06037221210
1.37,06037221220
1.2,06037221302
1.16,06037221303
1.43,06037221304
1.49,06037221401
1.56,06037221402
1.39,06037221500
1.49,06037221601
1.49,06037221602
1.35,06037221710
1.18,06037221810
1.0,06037221820
1.02,06037221900
1.79,06037222001
1.59,06037222002
1.44,06037222100
1.79,06037222200
1.83,06037222500
1.5,06037222600
0.93,06037222700
0.82,06037224010
0.82,06037224020
1.17,06037224200
1.36,06037224310
1.23,06037224320
1.16,06037224410
1.0,06037224420
1.39,06037224600
0.78,06037224701
0.6,06037224702
0.91,06037226001
0.68,06037226002
1.39,06037226410
1.59,06037226420
1.92,06037226701
1.87,06037226702
1.81,06037227010
2.0,06037227020
2.13,06037228100
1.62,06037228210
1.85,06037228220
1.6,06037228310
1.92,06037228320
1.76,06037228410
2.0,06037228420
1.66,06037228500
1.66,06037228600
1.9,06037228710
1.94,06037228720
1.95,06037228800
1.58,06037228900
1.98,06037229100
1.93,06037229200
1.5,06037229300
1.85,06037229410
1.73,06037229420
1.33,06037231100
1.46,06037231210
1.16,06037231220
1.95,06037231301
1.82,06037231302
1.68,06037231400
1.85,06037231500
1.9,06037231601
1.72,06037231602
1.64,06037231603
1.55,06037231710
1.31,06037231720
1.66,06037231800
2.18,06037231901
1.64,06037231902
1.66,06037232110
1.7,06037232120
2.15,06037232200
1.86,06037232300
1.9,06037232401
2.11,06037232402
1.84,06037232500
1.67,06037232601
1.85,06037232602
1.88,06037232701
1.99,06037232702
1.85,06037232800
1.41,06037234001
1.83,06037234002
1.54,06037234200
1.41,06037234301
1.3,06037234302
2.01,06037234501
1.27,06037234502
1.59,06037234600
1.77,06037234700
1.99,06037234800
0.92,06037234901
1.14,06037234902
1.81,06037235100
1.89,06037235201
1.28,06037235202
1.92,06037236001
1.28,06037236101
1.28,06037236102
1.26,06037236203
1.31,06037236204
1.29,06037236205
1.4,06037236206
1.51,06037236400
1.61,06037237101
1.37,06037237102
1.75,06037237201
1.51,06037237202
1.85,06037237300
2.05,06037237401
1.89,06037237402
1.39,06037237500
1.56,06037237600
1.94,06037237710
1.83,06037237720
1.89,06037237800
1.86,06037237900
1.74,06037238000
1.59,06037238100
1.33,06037238200
1.56,06037238310
1.13,06037238320
1.71,06037238400
1.9,06037239201
1.62,06037239202
1.57,06037239310
1.95,06037239320
2.15,06037239330
1.87,06037239501
1.93,06037239502
1.66,06037239601
1.89,06037239602
1.71,06037239701
1.84,06037239702
2.28,06037239801
1.55,06037239802
1.6,06037240010
1.92,06037240020
1.78,06037240200
1.76,06037240301
1.93,06037240302
1.82,06037240401
1.78,06037240402
1.56,06037240500
1.83,06037240600
2.0,06037240700
1.9,06037240800
2.29,06037240901
1.99,06037240902
2.17,06037241001
1.71,06037241002
2.09,06037241110
1.25,06037241120
1.93,06037241201
1.56,06037241202
1.68,06037241300
1.88,06037241400
1.71,06037242000
1.07,06037242100
2.2,06037242201
1.68,06037242202
1.47,06037242300
0.78,06037242600
1.96,06037242700
1.98,06037243001
2.48,06037243002
1.55,06037243100
2.43,06037261102
1.74,06037261103
1.76,06037261104
2.12,06037261200
2.18,06037262100
2.08,06037262200
2.13,06037262301
1.69,06037262302
2.39,06037262303
2.19,06037262400
1.86,06037262501
1.95,06037262601
1.91,06037262604
1.84,06037262704
1.84,06037262706
1.75,06037262802
1.94,06037264000
1.44,06037264102
1.39,06037264103
1.39,06037264303
1.41,06037264304
1.61,06037264305
1.48,06037264306
1.45,06037265100
1.8,06037265201
1.3,06037265203
1.05,06037265204
0.0,06037265301
1.23,06037265303
1.15,06037265304
1.22,06037265306
0.71,06037265307
1.94,06037265410
1.79,06037265420
1.08,06037265521
1.29,06037265522
1.47,06037265523
1.53,06037265524
1.39,06037265601
1.45,06037265602
1.67,06037265701
1.4,06037265702
1.48,06037267101
1.42,06037267102
1.44,06037267201
1.6,06037267202
1.32,06037267300
1.39,06037267403
1.35,06037267404
1.36,06037267405
1.29,06037267406
1.42,06037267502
1.46,06037267503
1.23,06037267504
1.34,06037267600
1.34,06037267700
1.52,06037267800
1.16,06037267901
1.47,06037267902
1.81,06037269000
1.28,06037269100
1.99,06037269300
2.18,06037269500
1.68,06037269601
1.62,06037269602
1.7,06037269700
1.47,06037269800
1.15,06037269903
1.31,06037269905
1.31,06037269906
1.34,06037269907
1.06,06037269908
1.26,06037269909
1.3,06037270101
1.42,06037270102
1.74,06037270200
1.43,06037270300
1.7,06037271100
1.32,06037271200
1.83,06037271300
1.85,06037271400
1.7,06037271500
1.45,06037271600
1.36,06037271702
1.61,06037271703
1.43,06037271704
1.42,06037271801
1.26,06037271803
1.6,06037271804
1.63,06037271901
1.58,06037271902
1.8,06037272100
1.36,06037272201
1.44,06037272202
1.66,06037272301
1.23,06037272302
1.56,06037273100
1.3,06037273200
1.25,06037273300
0.83,06037273403
1.05,06037273404
1.27,06037273502
1.47,06037273600
1.74,06037273700
1.41,06037273800
1.42,06037273902
1.48,06037274100
1.4,06037274202
1.91,06037275101
1.55,06037275102
1.43,06037275200
1.51,06037275311
1.55,06037275312
1.73,06037275313
1.5,06037275400
1.63,06037275500
1.78,06037275603
1.5,06037275604
1.37,06037275605
1.83,06037276000
1.35,06037276101
1.49,06037276102
2.23,06037276400
2.08,06037276500
2.04,06037276601
1.4,06037276605
1.58,06037276606
1.45,06037276607
1.41,06037276608
2.21,06037277000
2.18,06037277100
1.48,06037277200
0.0,06037277400
1.56,06037278001
1.78,06037278102
1.21,06037291110
1.87,06037291120
2.19,06037291130
1.93,06037291210
1.65,06037291220
2.13,06037291300
1.79,06037292001
2.5,06037292002
1.96,06037293203
2.27,06037293204
1.85,06037293205
1.87,06037293206
2.17,06037293301
2.1,06037293302
1.89,06037293304
2.1,06037293306
1.8,06037293307
2.34,06037294110
2.29,06037294120
2.12,06037294200
2.46,06037294301
2.2,06037294302
1.55,06037294410
1.8,06037294421
1.99,06037294510
2.09,06037294520
2.12,06037294610
2.35,06037294620
1.57,06037294701
1.7,06037294810
1.41,06037294820
1.96,06037294830
1.84,06037294900
1.85,06037295103
1.79,06037296210
1.11,06037296220
1.67,06037296300
1.9,06037296401
2.06,06037296402
1.58,06037296500
1.49,06037296600
1.83,06037296901
1.87,06037296902
2.15,06037297001
1.95,06037297002
1.45,06037297110
1.92,06037297120
1.69,06037297201
1.72,06037297202
1.81,06037297300
1.91,06037297400
2.18,06037297501
1.8,06037297502
1.6,06037297601
1.57,06037297602
2.19,06037300100
2.08,06037300200
2.05,06037300301
2.23,06037300400
2.0,06037300501
1.51,06037300503
1.7,06037300601
1.75,06037300602
2.02,06037300701
2.0,06037300702
1.83,06037300800
2.14,06037300901
2.14,06037300902
1.98,06037301000
1.66,06037301100
1.43,06037301203
1.28,06037301204
2.12,06037301205
1.68,06037301206
2.32,06037301300
2.16,06037301400
2.36,06037301501
1.57,06037301502
1.25,06037301601
1.48,06037301602
1.76,06037301701
1.89,06037301702
1.28,06037301801
1.36,06037301802
1.62,06037301901
1.77,06037301902
1.43,06037302002
1.36,06037302003
1.34,06037302004
1.71,06037302102
1.48,06037302103
1.44,06037302104
1.0,06037302201
1.2,06037302202
1.53,06037302301
1.41,06037302302
1.45,06037302401
1.39,06037302503
1.23,06037302504
1.38,06037302505
1.72,06037302506
2.1,06037310100
1.74,06037310201
1.75,06037310202
2.14,06037310300
1.92,06037310400
1.33,06037310501
1.55,06037310601
1.66,06037310602
1.14,06037310701
1.57,06037310703
1.09,06037310704
1.05,06037310705
1.93,06037310800
2.06,06037310900
1.93,06037311000
1.91,06037311100
1.99,06037311200
1.88,06037311300
1.67,06037311400
1.71,06037311500
1.69,06037311601
1.31,06037311602
1.75,06037311700
1.42,06037311801
1.75,06037311802
2.44,06037320101
3.02,06037320102
1.86,06037320201
2.56,06037320202
1.92,06037320300
2.49,06037400205
2.48,06037400206
2.37,06037400207
2.43,06037400208
2.37,06037400209
1.91,06037400304
2.34,06037400402
2.23,06037400403
2.49,06037400404
2.29,06037400501
2.12,06037400602
1.98,06037400603
1.86,06037400605
2.18,06037400801
2.36,06037401001
1.94,06037401002
2.25,06037401101
1.98,06037401102
2.37,06037401201
2.33,06037401202
2.27,06037401203
2.28,06037401303
2.28,06037401304
2.07,06037401311
1.79,06037401312
2.08,06037401500
1.74,06037401601
1.77,06037401602
2.41,06037401705
1.75,06037401706
1.9,06037401707
1.99,06037401801
2.0,06037401802
1.36,06037401901
1.46,06037401902
2.08,06037402001
1.69,06037402002
2.97,06037402101
2.57,06037402102
2.2,06037402200
2.47,06037402301
2.0,06037402303
1.91,06037402304
2.48,06037402403
2.0,06037402404
3.05,06037402405
2.11,06037402406
1.75,06037402501
2.13,06037402503
1.81,06037402504
2.44,06037402601
1.81,06037402602
1.66,06037402702
2.56,06037402703
2.73,06037402705
2.6,06037402706
2.11,06037402801
2.71,06037402803
2.2,06037402804
2.02,06037402902
2.29,06037402903
2.85,06037402904
2.85,06037403000
2.31,06037403305
2.1,06037403316
2.33,06037403317
2.05,06037403318
2.0,06037403319
2.47,06037403320
2.36,06037403321
2.14,06037403323
2.26,06037403324
1.92,06037403325
2.24,06037403326
2.33,06037403327
2.26,06037403328
2.14,06037403401
2.22,06037403402
2.54,06037403403
2.47,06037403404
2.81,06037403407
2.53,06037403408
2.29,06037403409
2.09,06037403500
2.55,06037403601
2.46,06037403702
2.35,06037403703
2.24,06037403721
2.04,06037403722
1.91,06037403801
2.12,06037403802
2.53,06037403901
2.18,06037403902
2.33,06037404000
2.7,06037404100
1.9,06037404201
2.4,06037404203
2.29,06037404301
2.59,06037404302
2.12,06037404401
2.84,06037404402
2.23,06037404501
2.08,06037404503
1.64,06037404504
2.56,06037404600
2.51,06037404701
2.39,06037404702
2.36,06037404703
2.46,06037404804
1.99,06037404805
2.21,06037404806
2.76,06037404901
2.4,06037404902
2.47,06037404903
2.79,06037405001
2.76,06037405002
2.61,06037405101
1.89,06037405102
2.24,06037405201
2.32,06037405202
2.83,06037405203
1.81,06037405301
2.3,06037405302
2.71,06037405400
2.39,06037405500
2.35,06037405600
2.2,06037405701
2.26,06037405702
2.35,06037405800
2.28,06037405900
2.46,06037406000
1.93,06037406101
2.0,06037406103
1.69,06037406201
2.27,06037406300
2.3,06037406413
2.64,06037406500
2.28,06037406601
2.41,06037406602
2.43,06037406701
2.21,06037406702
2.68,06037406801
2.13,06037406903
2.7,06037407001
2.71,06037407002
2.19,06037407101
2.68,06037407102
2.53,06037407201
2.72,06037407202
2.53,06037407301
2.55,06037407302
2.56,06037407400
2.59,06037407501
3.04,06037407502
2.35,06037407601
2.59,06037407602
2.29,06037407701
2.64,06037407702
3.13,06037407801
2.89,06037407802
2.86,06037407901
2.34,06037407902
2.78,06037408003
2.0,06037408004
2.4,06037408005
2.14,06037408006
2.03,06037408133
2.35,06037408134
2.07,06037408135
2.51,06037408136
1.98,06037408137
2.43,06037408138
3.08,06037408139
2.52,06037408140
2.47,06037408141
2.08,06037408212
2.1,06037408213
2.73,06037408301
2.44,06037408302
2.83,06037408303
2.29,06037408401
2.62,06037408402
2.67,06037408503
2.18,06037408504
2.42,06037408505
2.13,06037408623
2.26,06037408624
2.36,06037408625
2.26,06037408626
2.53,06037408627
1.78,06037408628
2.52,06037408629
2.38,06037408631
2.61,06037408703
2.15,06037408705
2.41,06037408707
2.53,06037408722
1.72,06037408724
2.1,06037408725
1.57,06037408800
1.73,06037408900
2.2,06037409000
2.42,06037409100
2.42,06037430003
1.75,06037430004
2.2,06037430005
1.54,06037430101
2.51,06037430102
2.04,06037430200
2.28,06037430301
1.72,06037430302
2.51,06037430400
1.98,06037430501
1.76,06037430502
2.47,06037430600
1.96,06037430701
1.69,06037430721
1.77,06037430723
1.47,06037430724
1.86,06037430801
2.32,06037430802
2.24,06037430803
1.74,06037430901
1.85,06037430902
1.82,06037431002
1.97,06037431003
1.78,06037431004
2.0,06037431100
2.58,06037431200
2.42,06037431300
1.93,06037431400
1.77,06037431501
2.07,06037431502
1.96,06037431600
2.28,06037431701
1.77,06037431800
1.88,06037431900
2.33,06037432001
2.0,06037432002
2.39,06037432101
2.24,06037432102
2.2,06037432201
1.94,06037432202
2.13,06037432300
2.31,06037432401
1.89,06037432402
2.13,06037432501
3.11,06037432502
2.26,06037432601
2.64,06037432602
1.94,06037432700
1.38,06037432801
1.53,06037432802
1.93,06037432901
2.47,06037432902
2.14,06037433103
2.0,06037433200
2.14,06037433302
1.62,06037433304
1.76,06037433305
2.11,06037433306
2.0,06037433307
2.27,06037433402
1.88,06037433403
2.1,06037433505
1.74,06037433506
2.29,06037433601
1.88,06037433602
2.22,06037433803
2.2,06037433804
1.96,06037433901
1.94,06037433903
2.41,06037434001
2.41,06037434003
2.49,06037434004
2.16,06037434100
2.34,06037460001
2.01,06037460002
2.22,06037460101
2.03,06037460200
2.36,06037460301
1.71,06037460302
2.16,06037460401
2.41,06037460501
2.44,06037460502
2.48,06037460601
2.53,06037460700
2.2,06037460800
2.12,06037460900
2.25,06037461000
1.8,06037461100
1.99,06037461200
1.92,06037461300
1.46,06037461400
1.98,06037461501
1.84,06037461502
1.76,06037461600
1.67,06037461700
1.23,06037461901
1.02,06037461902
1.89,06037462001
1.56,06037462002
1.82,06037462100
1.02,06037462201
1.27,06037462202
1.54,06037462301
1.22,06037462302
1.88,06037462400
1.99,06037462500
1.94,06037462600
1.57,06037462700
1.76,06037462800
1.94,06037462900
1.8,06037463000
1.97,06037463103
1.59,06037463200
1.9,06037463300
1.78,06037463400
1.48,06037463500
1.2,06037463601
1.21,06037463602
1.52,06037463700
1.84,06037463800
1.54,06037463900
1.77,06037464000
2.21,06037464101
2.46,06037464102
2.4,06037464200
2.22,06037480002
1.81,06037480011
2.04,06037480012
2.03,06037480101
2.21,06037480102
2.11,06037480201
1.85,06037480202
1.65,06037480302
1.89,06037480303
1.56,06037480304
1.76,06037480400
1.85,06037480500
1.55,06037480601
1.64,06037480602
1.94,06037480702
2.18,06037480703
1.54,06037480704
2.19,06037480802
1.86,06037480803
1.66,06037480804
1.72,06037480901
1.62,06037480902
1.75,06037480903
1.55,06037481001
1.57,06037481002
1.77,06037481101
1.69,06037481102
1.89,06037481103
2.04,06037481201
2.15,06037481203
2.25,06037481300
2.09,06037481401
1.78,06037481403
2.18,06037481404
1.92,06037481500
1.7,06037481603
1.83,06037481604
1.93,06037481605
1.83,06037481606
1.58,06037481711
1.58,06037481712
1.88,06037481713
1.33,06037481714
2.08,06037481800
2.02,06037481901
1.87,06037481902
2.18,06037482001
1.96,06037482002
1.71,06037482101
2.07,06037482102
1.58,06037482201
1.76,06037482202
2.13,06037482301
2.02,06037482303
1.83,06037482304
2.06,06037482401
2.0,06037482403
2.33,06037482404
2.35,06037482502
2.2,06037482503
2.13,06037482521
1.79,06037482522
2.21,06037482600
1.63,06037482701
2.16,06037482702
2.02,06037482801
2.73,06037500100
2.47,06037500202
2.32,06037500203
2.15,06037500204
2.25,06037500300
2.26,06037500402
2.45,06037500403
2.55,06037500404
1.97,06037500500
2.62,06037500600
2.23,06037500700
2.47,06037500800
2.06,06037500900
2.52,06037501001
2.36,06037501002
2.46,06037501200
2.14,06037501301
1.94,06037501302
2.0,06037501400
2.18,06037501501
1.89,06037501503
1.23,06037501504
2.27,06037501600
1.95,06037501700
1.91,06037501802
1.54,06037501803
1.62,06037501804
2.56,06037501900
2.23,06037502003
2.39,06037502004
2.35,06037502005
1.92,06037502100
2.62,06037502200
2.07,06037502303
2.16,06037502401
2.5,06037502402
2.18,06037502500
2.09,06037502602
2.69,06037502603
2.45,06037502604
2.35,06037502700
2.46,06037502801
2.48,06037502901
2.68,06037503000
2.68,06037503103
2.26,06037503104
2.1,06037503105
2.28,06037503106
2.59,06037503201
2.25,06037503202
2.45,06037503301
2.07,06037503302
2.18,06037503401
2.25,06037503402
2.27,06037503501
2.27,06037503502
2.11,06037503601
2.42,06037503602
2.14,06037503701
2.2,06037503702
1.73,06037503704
2.18,06037503705
2.19,06037503801
2.22,06037503802
2.23,06037503901
2.58,06037503902
2.4,06037504001
2.62,06037504002
2.3,06037504101
1.62,06037504200
2.11,06037530005
1.91,06037530006
2.11,06037530007
1.59,06037530101
1.75,06037530102
2.18,06037530202
1.69,06037530203
2.01,06037530204
1.82,06037530301
1.95,06037530302
1.49,06037530400
1.55,06037530500
2.13,06037530603
1.99,06037530700
2.59,06037530801
2.18,06037530802
2.21,06037530901
1.42,06037530902
1.8,06037531000
1.99,06037531101
1.54,06037531102
1.88,06037531201
1.57,06037531202
1.83,06037531301
1.86,06037531302
1.94,06037531502
1.86,06037531503
2.13,06037531504
1.8,06037531602
2.06,06037531603
1.65,06037531604
1.89,06037531701
2.01,06037531702
2.25,06037531800
1.88,06037531901
2.07,06037531902
2.02,06037532001
1.99,06037532002
2.14,06037532101
2.47,06037532102
2.26,06037532200
2.49,06037532302
2.1,06037532303
1.79,06037532304
1.81,06037532500
1.71,06037532605
1.35,06037532606
1.73,06037532607
2.01,06037532700
2.08,06037532800
1.5,06037532900
1.94,06037533001
2.17,06037533002
1.76,06037533103
1.35,06037533104
1.97,06037533105
1.62,06037533108
1.77,06037533201
1.91,06037533204
2.03,06037533300
1.91,06037533401
2.05,06037533402
1.85,06037533403
1.75,06037533501
1.86,06037533504
1.72,06037533601
1.86,06037533602
1.79,06037533603
1.93,06037533701
2.22,06037533702
2.44,06037533703
1.85,06037533803
2.03,06037533804
2.06,06037533805
2.08,06037533806
1.88,06037533901
2.1,06037533902
2.12,06037534001
2.22,06037534002
2.21,06037534101
1.78,06037534102
1.83,06037534201
2.03,06037534202
1.77,06037534203
1.71,06037534301
2.01,06037534302
2.21,06037534403
1.86,06037534404
1.93,06037534405
1.7,06037534406
1.84,06037534501
2.14,06037534502
2.52,06037534700
2.17,06037534802
2.27,06037534803
2.05,06037534804
2.03,06037534900
1.92,06037535001
1.8,06037535002
2.02,06037535101
2.23,06037535102
2.17,06037535200
2.1,06037535300
2.19,06037535400
1.86,06037535501
1.85,06037535502
2.12,06037535503
1.83,06037535603
2.31,06037535604
1.82,06037535605
1.89,06037535606
2.54,06037535607
2.02,06037535701
1.9,06037535702
2.23,06037535802
1.91,06037535803
2.13,06037535804
2.43,06037535901
2.68,06037535902
1.66,06037536000
2.16,06037536102
2.23,06037536103
1.98,06037536104
2.16,06037536201
2.3,06037536202
2.58,06037540000
2.44,06037540101
2.72,06037540102
1.94,06037540201
2.03,06037540202
1.99,06037540203
2.21,06037540300
2.16,06037540400
2.39,06037540501
1.81,06037540502
1.55,06037540600
1.68,06037540700
1.93,06037540800
2.18,06037540901
1.75,06037540902
2.16,06037541003
2.21,06037541100
2.04,06037541200
2.47,06037541300
1.98,06037541401
2.43,06037541402
1.93,06037541500
1.93,06037541603
2.04,06037541604
1.96,06037541605
2.1,06037541606
2.34,06037541700
2.05,06037541801
2.73,06037541802
2.44,06037542000
2.32,06037542103
2.61,06037542104
2.28,06037542105
1.93,06037542106
2.43,06037542200
2.49,06037542401
2.5,06037542402
1.98,06037542501
1.95,06037542502
2.24,06037542601
2.16,06037542602
2.55,06037542700
2.41,06037542800
2.45,06037542900
2.16,06037543000
2.45,06037543100
2.73,06037543201
1.75,06037543203
2.09,06037543304
2.18,06037543305
2.77,06037543306
2.17,06037543321
2.44,06037543322
2.65,06037543400
1.71,06037543501
2.22,06037543502
1.88,06037543503
2.61,06037543601
2.07,06037543603
2.02,06037543605
1.91,06037543606
2.73,06037543607
2.72,06037543701
2.44,06037543703
2.72,06037543704
2.15,06037543705
2.49,06037543801
1.83,06037543803
2.72,06037543804
2.46,06037543903
2.36,06037543905
2.26,06037544001
2.38,06037544002
2.4,06037550101
2.06,06037550201
2.41,06037550202
1.9,06037550301
2.28,06037550501
2.28,06037550502
2.13,06037550601
2.25,06037550602
2.36,06037550700
1.99,06037550801
2.22,06037550802
1.94,06037550901
1.74,06037550902
1.84,06037551001
2.15,06037551002
1.72,06037551101
1.73,06037551102
2.22,06037551201
2.69,06037551203
1.97,06037551204
1.91,06037551300
2.0,06037551401
2.27,06037551402
2.19,06037551501
2.27,06037551502
2.28,06037551700
2.36,06037551801
1.97,06037551802
2.41,06037551900
2.43,06037552001
2.34,06037552002
2.03,06037552100
1.81,06037552200
2.5,06037552301
1.96,06037552302
2.58,06037552400
2.83,06037552601
2.39,06037552602
2.69,06037552700
2.69,06037552800
2.19,06037552900
3.21,06037553000
2.36,06037553100
2.72,06037553201
2.28,06037553202
2.64,06037553300
2.41,06037553400
1.93,06037553502
2.14,06037553503
2.3,06037553504
1.97,06037553601
1.93,06037553602
2.45,06037553701
2.02,06037553702
2.12,06037553801
1.93,06037553802
2.42,06037553901
2.17,06037553902
2.09,06037554001
2.08,06037554002
2.08,06037554101
1.53,06037554105
2.12,06037554106
2.44,06037554201
2.01,06037554203
1.59,06037554204
2.3,06037554301
2.11,06037554302
1.74,06037554403
1.97,06037554404
1.57,06037554405
1.93,06037554406
2.45,06037554511
2.15,06037554512
2.19,06037554513
2.04,06037554514
2.34,06037554515
2.4,06037554516
2.24,06037554517
2.37,06037554518
2.11,06037554519
2.19,06037554521
2.54,06037554522
2.08,06037554600
2.95,06037554700
2.47,06037554801
2.22,06037554802
2.42,06037554900
2.2,06037555001
2.15,06037555002
2.37,06037555105
1.82,06037555106
2.24,06037555107
2.16,06037555202
2.08,06037555211
2.09,06037555212
2.55,06037555300
2.37,06037570001
2.46,06037570002
2.55,06037570003
2.21,06037570100
2.28,06037570202
1.72,06037570203
1.94,06037570204
1.73,06037570303
1.56,06037570304
1.71,06037570305
2.36,06037570306
2.12,06037570402
1.96,06037570403
2.72,06037570404
1.93,06037570502
1.89,06037570503
2.25,06037570504
2.03,06037570601
2.16,06037570602
1.46,06037570603
1.73,06037570701
2.26,06037570703
2.32,06037570800
2.53,06037570901
2.38,06037570902
2.31,06037571000
2.36,06037571101
2.28,06037571102
2.18,06037571201
1.92,06037571202
2.19,06037571300
2.09,06037571400
2.06,06037571502
1.7,06037571504
1.96,06037571505
1.01,06037571600
1.81,06037571701
1.64,06037571703
1.87,06037571704
2.01,06037571800
1.71,06037571900
2.08,06037572001
1.89,06037572201
2.08,06037572202
2.44,06037572301
1.21,06037572500
2.66,06037572600
2.21,06037572700
1.65,06037573002
2.04,06037573003
1.4,06037573004
1.76,06037573101
1.88,06037573102
1.81,06037573201
1.95,06037573202
1.9,06037573300
1.86,06037573401
1.7,06037573402
1.89,06037573403
2.34,06037573601
2.21,06037573700
2.07,06037573800
1.95,06037573902
2.07,06037574000
2.28,06037574100
2.36,06037574201
2.08,06037574202
2.09,06037574300
2.23,06037574400
2.19,06037574500
1.91,06037574602
1.56,06037574800
2.28,06037574901
1.64,06037574902
1.69,06037575001
1.68,06037575002
1.49,06037575101
1.63,06037575102
1.41,06037575103
1.65,06037575201
1.79,06037575202
1.35,06037575300
1.24,06037575401
1.44,06037575402
1.68,06037575801
1.31,06037575802
0.88,06037575803
1.11,06037575901
0.99,06037575902
1.22,06037576001
1.03,06037576200
1.33,06037576301
1.43,06037576302
1.62,06037576401
1.46,06037576402
1.82,06037576403
1.16,06037576501
1.31,06037576502
1.36,06037576503
1.19,06037576601
1.34,06037576602
1.53,06037576700
1.2,06037576801
1.7,06037576802
1.62,06037576901
1.46,06037576903
1.55,06037576904
1.54,06037577000
1.61,06037577100
1.49,06037577200
1.4,06037577300
1.69,06037577400
1.78,06037577501
1.63,06037577504
1.65,06037577602
2.01,06037577604
1.9,06037577605
1.82,06037577606
2.31,06037577700
2.27,06037577800
1.38,06037577900
1.76,06037578000
0.0,06037578100
1.1,06037599000
2.6,06037599100
1.68,06037600100
1.49,06037600201
1.36,06037600202
1.77,06037600302
1.42,06037600303
1.6,06037600304
1.52,06037600400
1.65,06037600501
2.04,06037600601
1.43,06037600602
2.08,06037600702
1.63,06037600703
1.68,06037600704
1.64,06037600801
1.6,06037600802
1.55,06037600902
1.94,06037600911
2.15,06037600912
1.23,06037601001
1.52,06037601002
1.49,06037601100
2.19,06037601202
1.45,06037601211
1.55,06037601212
1.74,06037601301
1.75,06037601302
1.35,06037601303
1.54,06037601401
2.0,06037601402
1.86,06037601501
1.91,06037601502
2.31,06037601600
1.83,06037601700
2.12,06037601801
2.02,06037601802
1.91,06037601900
2.06,06037602002
1.96,06037602003
1.6,06037602103
1.81,06037602104
1.47,06037602105
1.38,06037602106
2.01,06037602201
1.94,06037602202
2.11,06037602301
1.92,06037602302
2.24,06037602402
1.76,06037602403
1.63,06037602404
1.57,06037602504
1.27,06037602505
1.3,06037602506
1.28,06037602507
1.4,06037602510
1.34,06037602511
2.14,06037602512
1.37,06037602513
2.08,06037602601
1.97,06037602602
2.0,06037602700
1.42,06037602801
2.35,06037602802
1.97,06037602900
1.68,06037603004
1.81,06037603005
1.67,06037603006
1.79,06037603007
1.78,06037603008
1.68,06037603101
1.74,06037603102
1.71,06037603200
1.52,06037603301
1.86,06037603302
1.93,06037603400
2.05,06037603500
2.28,06037603600
2.53,06037603702
2.16,06037603703
1.68,06037603705
1.53,06037603706
1.98,06037603801
2.2,06037603802
1.91,06037603901
2.12,06037603902
1.93,06037604001
1.67,06037604002
1.98,06037604101
2.07,06037604102
2.31,06037604200
1.78,06037609900
1.85,06037620001
1.76,06037620002
2.05,06037620101
1.69,06037620102
1.48,06037620201
2.1,06037620301
1.93,06037620303
1.74,06037620305
2.05,06037620400
1.97,06037620501
1.71,06037620521
1.79,06037620522
1.93,06037620601
2.1,06037620602
1.81,06037620701
2.08,06037620703
2.23,06037620704
2.31,06037620801
1.88,06037620802
2.04,06037620901
1.86,06037620904
1.58,06037621001
1.56,06037621005
2.0,06037621102
1.6,06037621104
1.6,06037621201
1.41,06037621204
1.85,06037621301
1.49,06037621324
1.5,06037621326
1.94,06037621400
1.89,06037650001
1.71,06037650003
1.86,06037650004
1.89,06037650101
2.34,06037650102
2.31,06037650200
2.09,06037650300
2.34,06037650401
2.15,06037650501
1.99,06037650502
1.9,06037650603
1.35,06037650604
1.66,06037650605
1.39,06037650606
1.76,06037650607
1.96,06037650701
2.15,06037650702
1.86,06037650801
1.66,06037650802
1.66,06037650901
1.95,06037650903
1.81,06037650904
1.97,06037651001
2.1,06037651002
1.92,06037651101
1.56,06037651102
2.1,06037651201
1.69,06037651221
1.81,06037651222
2.07,06037651302
1.71,06037651304
1.51,06037651401
1.82,06037651402
1.89,06037670001
1.65,06037670002
2.08,06037670003
1.79,06037670101
1.72,06037670102
2.15,06037670201
2.41,06037670202
2.07,06037670324
2.25,06037670326
2.27,06037670328
1.67,06037670405
2.27,06037670406
1.73,06037670407
2.12,06037670413
2.14,06037670416
2.09,06037670417
2.3,06037670418
2.67,06037670500
2.33,06037670603
2.06,06037670604
2.38,06037670701
2.57,06037670702
1.22,06037700101
1.16,06037700102
1.15,06037700200
1.06,06037700300
1.28,06037700400
1.43,06037700501
1.21,06037700502
2.62,06037700600
2.24,06037700700
1.26,06037700801
1.51,06037700802
1.75,06037700901
1.23,06037700902
1.53,06037701000
1.92,06037701201
1.34,06037701202
1.23,06037701302
1.8,06037701304
1.14,06037701402
1.39,06037701501
1.32,06037701502
1.61,06037701601
1.3,06037701602
1.27,06037701701
1.14,06037701702
1.4,06037701801
1.28,06037701802
0.92,06037701902
1.23,06037702002
1.24,06037702102
1.4,06037702201
1.66,06037702202
1.64,06037702300
1.56,06037702400
1.54,06037702501
1.42,06037702502
1.66,06037702600
1.86,06037702700
1.61,06037702801
1.56,06037702802
1.58,06037702803
1.46,06037702900
2.01,06037703002
1.33,06037703003
2.05,06037703100
1.99,06037703200
2.25,06037800101
2.3,06037800103
2.18,06037800104
2.31,06037800202
1.94,06037800204
1.91,06037800205
2.87,06037800206
1.95,06037800324
1.96,06037800325
2.32,06037800328
1.72,06037800333
2.07,06037800334
2.08,06037800335
2.7,06037800336
1.55,06037800337
2.51,06037800338
2.44,06037800406
2.07,06037800410
2.39,06037800411
2.16,06037800412
1.76,06037800504
2.11,06037800506
1.97,06037900102
2.19,06037900103
2.18,06037900104
2.34,06037900301
2.0,06037900501
1.87,06037900504
2.02,06037900505
1.96,06037900506
2.16,06037900508
1.87,06037900509
1.94,06037900510
1.45,06037900602
1.61,06037900606
1.9,06037900607
2.04,06037900608
2.06,06037900609
1.52,06037900610
2.33,06037900611
1.91,06037900701
1.36,06037900703
1.26,06037900704
1.31,06037900705
1.84,06037900804
2.14,06037900805
1.18,06037900806
2.47,06037900807
1.9,06037900808
1.9,06037900901
2.33,06037900902
0.0,06037901003
2.15,06037901007
2.27,06037901008
1.96,06037901009
2.21,06037901010
1.98,06037901011
2.53,06037901012
2.12,06037901013
2.49,06037901014
2.41,06037901101
2.49,06037901102
2.15,06037901209
2.4,06037901210
2.59,06037901214
1.78,06037901215
2.46,06037901216
2.4,06037901217
2.83,06037901218
2.41,06037901300
2.26,06037910002
2.34,06037910210
2.68,06037910211
2.69,06037910212
2.77,06037910213
2.39,06037910214
2.49,06037910215
2.29,06037910216
2.14,06037910217
1.91,06037910218
2.2,06037910301
2.32,06037910302
2.04,06037910401
2.16,06037910404
1.6,06037910405
1.16,06037910501
1.95,06037910502
2.37,06037910504
2.57,06037910505
2.42,06037910601
1.62,06037910602
1.95,06037910605
2.53,06037910606
2.04,06037910607
2.27,06037910608
2.35,06037910706
1.9,06037910707
2.73,06037910709
2.69,06037910712
2.78,06037910713
2.56,06037910714
2.6,06037910715
2.65,06037910716
2.4,06037910717
2.99,06037910718
2.65,06037910719
2.24,06037910720
1.93,06037910721
3.01,06037910804
2.39,06037910807
2.67,06037910808
2.84,06037910809
2.52,06037910810
2.46,06037910814
2.58,06037910815
2.22,06037911001
2.41,06037911100
2.19,06037920013
2.78,06037920015
2.48,06037920016
2.4,06037920017
2.58,06037920018
2.39,06037920020
2.32,06037920028
2.08,06037920029
2.09,06037920030
1.65,06037920031
2.3,06037920034
2.31,06037920035
1.96,06037920038
2.62,06037920039
2.36,06037920040
1.81,06037920041
2.08,06037920042
2.67,06037920043
2.12,06037920044
2.4,06037920045
1.82,06037920046
1.74,06037920047
2.14,06037920048
2.55,06037920049
1.94,06037920050
2.03,06037920102
2.36,06037920104
2.67,06037920106
2.05,06037920109
2.23,06037920110
2.35,06037920111
1.95,06037920112
1.92,06037920114
1.79,06037920115
2.55,06037920116
2.52,06037920118
2.83,06037920119
2.63,06037920120
2.05,06037920121
0.0,06037920200
2.19,06037920303
1.78,06037920312
2.41,06037920313
2.3,06037920314
2.15,06037920322
2.06,06037920326
1.82,06037920328
1.89,06037920329
1.71,06037920330
2.22,06037920331
2.39,06037920332
1.8,06037920334
2.36,06037920338
2.27,06037920339
2.4,06037920340
1.84,06037920341
1.93,06037920342
2.12,06037920343
2.36,06037930400
0.0,06037980001
0.0,06037980002
0.0,06037980003
0.0,06037980004
0.0,06037980005
0.0,06037980006
0.0,06037980007
1.0,06037980008
0.0,06037980009
1.41,06037980010
3.0,06037980011
0.0,06037980012
0.0,06037980013
1.8,06037980014
1.09,06037980015
1.58,06037980016
1.17,06037980017
0.0,06037980018
1.97,06037980019
0.0,06037980020
5.0,06037980021
0.0,06037980022
2.0,06037980023
1.68,06037980024
1.4,06037980025
0.0,06037980026
0.0,06037980028
0.0,06037980030
2.0,06037980031
0.0,06037980033
0.0,06037980034
1.85,06037980035
2.61,06037980036
0.0,06037980037
0.0,06037980038
0.0,06037980039
0.0,06037990100
0.0,06037990200
0.0,06037990300
